class_binary_name	package	class_file	jar_entry
VoidHunters		VoidHunters	VoidHunters.class
a		a	a.class
aa		aa	aa.class
aaa		aaa	aaa.class
aab		aab	aab.class
ab		ab	ab.class
aba		aba	aba.class
abb		abb	abb.class
ac		ac	ac.class
aca		aca	aca.class
acb		acb	acb.class
ad		ad	ad.class
ada		ada	ada.class
adb		adb	adb.class
ae		ae	ae.class
aea		aea	aea.class
aeb		aeb	aeb.class
af		af	af.class
afa		afa	afa.class
afb		afb	afb.class
ag		ag	ag.class
aga		aga	aga.class
agb		agb	agb.class
ah		ah	ah.class
aha		aha	aha.class
ahb		ahb	ahb.class
ai		ai	ai.class
aia		aia	aia.class
aib		aib	aib.class
aj		aj	aj.class
aja		aja	aja.class
ajb		ajb	ajb.class
ak		ak	ak.class
aka		aka	aka.class
akb		akb	akb.class
al		al	al.class
ala		ala	ala.class
alb		alb	alb.class
am		am	am.class
ama		ama	ama.class
amb		amb	amb.class
an		an	an.class
ana		ana	ana.class
anb		anb	anb.class
ao		ao	ao.class
aoa		aoa	aoa.class
aob		aob	aob.class
ap		ap	ap.class
apa		apa	apa.class
apb		apb	apb.class
aq		aq	aq.class
aqa		aqa	aqa.class
aqb		aqb	aqb.class
ar		ar	ar.class
ara		ara	ara.class
arb		arb	arb.class
as		as	as.class
asa		asa	asa.class
asb		asb	asb.class
at		at	at.class
ata		ata	ata.class
atb		atb	atb.class
au		au	au.class
aua		aua	aua.class
av		av	av.class
ava		ava	ava.class
aw		aw	aw.class
awa		awa	awa.class
b		b	b.class
ba		ba	ba.class
baa		baa	baa.class
bab		bab	bab.class
bb		bb	bb.class
bba		bba	bba.class
bbb		bbb	bbb.class
bc		bc	bc.class
bca		bca	bca.class
bcb		bcb	bcb.class
bd		bd	bd.class
bda		bda	bda.class
bdb		bdb	bdb.class
be		be	be.class
bea		bea	bea.class
beb		beb	beb.class
bf		bf	bf.class
bfa		bfa	bfa.class
bfb		bfb	bfb.class
bg		bg	bg.class
bga		bga	bga.class
bgb		bgb	bgb.class
bh		bh	bh.class
bha		bha	bha.class
bhb		bhb	bhb.class
bi		bi	bi.class
bia		bia	bia.class
bib		bib	bib.class
bj		bj	bj.class
bja		bja	bja.class
bjb		bjb	bjb.class
bk		bk	bk.class
bka		bka	bka.class
bkb		bkb	bkb.class
bl		bl	bl.class
bla		bla	bla.class
blb		blb	blb.class
bm		bm	bm.class
bma		bma	bma.class
bmb		bmb	bmb.class
bn		bn	bn.class
bna		bna	bna.class
bnb		bnb	bnb.class
bo		bo	bo.class
boa		boa	boa.class
bob		bob	bob.class
bp		bp	bp.class
bpa		bpa	bpa.class
bpb		bpb	bpb.class
bq		bq	bq.class
bqa		bqa	bqa.class
bqb		bqb	bqb.class
br		br	br.class
bra		bra	bra.class
brb		brb	brb.class
bs		bs	bs.class
bsa		bsa	bsa.class
bsb		bsb	bsb.class
bt		bt	bt.class
bta		bta	bta.class
btb		btb	btb.class
bu		bu	bu.class
bua		bua	bua.class
bv		bv	bv.class
bva		bva	bva.class
bw		bw	bw.class
bwa		bwa	bwa.class
c		c	c.class
ca		ca	ca.class
caa		caa	caa.class
cab		cab	cab.class
cb		cb	cb.class
cba		cba	cba.class
cbb		cbb	cbb.class
cc		cc	cc.class
cca		cca	cca.class
ccb		ccb	ccb.class
cd		cd	cd.class
cda		cda	cda.class
cdb		cdb	cdb.class
ce		ce	ce.class
cea		cea	cea.class
ceb		ceb	ceb.class
cf		cf	cf.class
cfa		cfa	cfa.class
cfb		cfb	cfb.class
cg		cg	cg.class
cga		cga	cga.class
cgb		cgb	cgb.class
ch		ch	ch.class
cha		cha	cha.class
chb		chb	chb.class
ci		ci	ci.class
cia		cia	cia.class
cib		cib	cib.class
cj		cj	cj.class
cja		cja	cja.class
cjb		cjb	cjb.class
ck		ck	ck.class
cka		cka	cka.class
ckb		ckb	ckb.class
cl		cl	cl.class
cla		cla	cla.class
clb		clb	clb.class
cm		cm	cm.class
cma		cma	cma.class
cmb		cmb	cmb.class
cn		cn	cn.class
cna		cna	cna.class
cnb		cnb	cnb.class
co		co	co.class
coa		coa	coa.class
cob		cob	cob.class
cp		cp	cp.class
cpb		cpb	cpb.class
cq		cq	cq.class
cqa		cqa	cqa.class
cqb		cqb	cqb.class
cr		cr	cr.class
cra		cra	cra.class
crb		crb	crb.class
cs		cs	cs.class
csa		csa	csa.class
csb		csb	csb.class
ct		ct	ct.class
cta		cta	cta.class
ctb		ctb	ctb.class
cu		cu	cu.class
cua		cua	cua.class
cv		cv	cv.class
cva		cva	cva.class
cw		cw	cw.class
cwa		cwa	cwa.class
d		d	d.class
da		da	da.class
daa		daa	daa.class
dab		dab	dab.class
db		db	db.class
dba		dba	dba.class
dbb		dbb	dbb.class
dc		dc	dc.class
dca		dca	dca.class
dcb		dcb	dcb.class
dd		dd	dd.class
dda		dda	dda.class
ddb		ddb	ddb.class
de		de	de.class
dea		dea	dea.class
deb		deb	deb.class
df		df	df.class
dfa		dfa	dfa.class
dfb		dfb	dfb.class
dg		dg	dg.class
dga		dga	dga.class
dgb		dgb	dgb.class
dh		dh	dh.class
dha		dha	dha.class
dhb		dhb	dhb.class
di		di	di.class
dia		dia	dia.class
dib		dib	dib.class
dj		dj	dj.class
dja		dja	dja.class
djb		djb	djb.class
dk		dk	dk.class
dka		dka	dka.class
dkb		dkb	dkb.class
dl		dl	dl.class
dla		dla	dla.class
dlb		dlb	dlb.class
dm		dm	dm.class
dma		dma	dma.class
dmb		dmb	dmb.class
dn		dn	dn.class
dna		dna	dna.class
dnb		dnb	dnb.class
dob		dob	dob.class
dp		dp	dp.class
dpa		dpa	dpa.class
dpb		dpb	dpb.class
dq		dq	dq.class
dqa		dqa	dqa.class
dqb		dqb	dqb.class
dr		dr	dr.class
dra		dra	dra.class
drb		drb	drb.class
ds		ds	ds.class
dsa		dsa	dsa.class
dsb		dsb	dsb.class
dt		dt	dt.class
dta		dta	dta.class
dtb		dtb	dtb.class
du		du	du.class
dua		dua	dua.class
dv		dv	dv.class
dva		dva	dva.class
dw		dw	dw.class
dwa		dwa	dwa.class
dxVertexLayout		dxVertexLayout	dxVertexLayout.class
e		e	e.class
ea		ea	ea.class
eaa		eaa	eaa.class
eab		eab	eab.class
eb		eb	eb.class
eba		eba	eba.class
ebb		ebb	ebb.class
ec		ec	ec.class
eca		eca	eca.class
ecb		ecb	ecb.class
ed		ed	ed.class
eda		eda	eda.class
edb		edb	edb.class
ee		ee	ee.class
eea		eea	eea.class
eeb		eeb	eeb.class
ef		ef	ef.class
efa		efa	efa.class
efb		efb	efb.class
eg		eg	eg.class
ega		ega	ega.class
egb		egb	egb.class
eh		eh	eh.class
eha		eha	eha.class
ehb		ehb	ehb.class
ei		ei	ei.class
eia		eia	eia.class
eib		eib	eib.class
ej		ej	ej.class
eja		eja	eja.class
ejb		ejb	ejb.class
ek		ek	ek.class
eka		eka	eka.class
ekb		ekb	ekb.class
el		el	el.class
ela		ela	ela.class
elb		elb	elb.class
em		em	em.class
ema		ema	ema.class
emb		emb	emb.class
en		en	en.class
ena		ena	ena.class
enb		enb	enb.class
eo		eo	eo.class
eoa		eoa	eoa.class
eob		eob	eob.class
ep		ep	ep.class
epa		epa	epa.class
epb		epb	epb.class
eq		eq	eq.class
eqa		eqa	eqa.class
eqb		eqb	eqb.class
er		er	er.class
era		era	era.class
erb		erb	erb.class
es		es	es.class
esa		esa	esa.class
esb		esb	esb.class
et		et	et.class
eta		eta	eta.class
etb		etb	etb.class
eu		eu	eu.class
eua		eua	eua.class
ev		ev	ev.class
eva		eva	eva.class
ew		ew	ew.class
ewa		ewa	ewa.class
f		f	f.class
fa		fa	fa.class
faa		faa	faa.class
fab		fab	fab.class
fb		fb	fb.class
fba		fba	fba.class
fbb		fbb	fbb.class
fc		fc	fc.class
fca		fca	fca.class
fcb		fcb	fcb.class
fd		fd	fd.class
fda		fda	fda.class
fdb		fdb	fdb.class
fe		fe	fe.class
fea		fea	fea.class
feb		feb	feb.class
ff		ff	ff.class
ffa		ffa	ffa.class
ffb		ffb	ffb.class
fg		fg	fg.class
fga		fga	fga.class
fgb		fgb	fgb.class
fh		fh	fh.class
fha		fha	fha.class
fhb		fhb	fhb.class
fi		fi	fi.class
fia		fia	fia.class
fib		fib	fib.class
fj		fj	fj.class
fja		fja	fja.class
fjb		fjb	fjb.class
fk		fk	fk.class
fka		fka	fka.class
fkb		fkb	fkb.class
fl		fl	fl.class
fla		fla	fla.class
flb		flb	flb.class
fm		fm	fm.class
fma		fma	fma.class
fmb		fmb	fmb.class
fn		fn	fn.class
fna		fna	fna.class
fnb		fnb	fnb.class
fo		fo	fo.class
foa		foa	foa.class
fob		fob	fob.class
fp		fp	fp.class
fpa		fpa	fpa.class
fpb		fpb	fpb.class
fq		fq	fq.class
fqa		fqa	fqa.class
fqb		fqb	fqb.class
fr		fr	fr.class
fra		fra	fra.class
frb		frb	frb.class
fs		fs	fs.class
fsa		fsa	fsa.class
fsb		fsb	fsb.class
ft		ft	ft.class
fta		fta	fta.class
ftb		ftb	ftb.class
fu		fu	fu.class
fua		fua	fua.class
fv		fv	fv.class
fva		fva	fva.class
fw		fw	fw.class
fwa		fwa	fwa.class
g		g	g.class
ga		ga	ga.class
gaa		gaa	gaa.class
gab		gab	gab.class
gb		gb	gb.class
gba		gba	gba.class
gbb		gbb	gbb.class
gca		gca	gca.class
gcb		gcb	gcb.class
gd		gd	gd.class
gda		gda	gda.class
gdb		gdb	gdb.class
ge		ge	ge.class
gea		gea	gea.class
geb		geb	geb.class
gf		gf	gf.class
gfa		gfa	gfa.class
gfb		gfb	gfb.class
gg		gg	gg.class
gga		gga	gga.class
ggb		ggb	ggb.class
gh		gh	gh.class
gha		gha	gha.class
ghb		ghb	ghb.class
gi		gi	gi.class
gia		gia	gia.class
gib		gib	gib.class
gj		gj	gj.class
gja		gja	gja.class
gjb		gjb	gjb.class
gk		gk	gk.class
gka		gka	gka.class
gkb		gkb	gkb.class
gl		gl	gl.class
gla		gla	gla.class
glb		glb	glb.class
gm		gm	gm.class
gma		gma	gma.class
gmb		gmb	gmb.class
gn		gn	gn.class
gna		gna	gna.class
gnb		gnb	gnb.class
go		go	go.class
goa		goa	goa.class
gob		gob	gob.class
gp		gp	gp.class
gpa		gpa	gpa.class
gpb		gpb	gpb.class
gq		gq	gq.class
gqa		gqa	gqa.class
gqb		gqb	gqb.class
gr		gr	gr.class
gra		gra	gra.class
grb		grb	grb.class
gs		gs	gs.class
gsa		gsa	gsa.class
gsb		gsb	gsb.class
gt		gt	gt.class
gta		gta	gta.class
gtb		gtb	gtb.class
gu		gu	gu.class
gua		gua	gua.class
gv		gv	gv.class
gva		gva	gva.class
gw		gw	gw.class
gwa		gwa	gwa.class
h		h	h.class
ha		ha	ha.class
haa		haa	haa.class
hab		hab	hab.class
hb		hb	hb.class
hba		hba	hba.class
hbb		hbb	hbb.class
hc		hc	hc.class
hca		hca	hca.class
hcb		hcb	hcb.class
hd		hd	hd.class
hda		hda	hda.class
hdb		hdb	hdb.class
he		he	he.class
heb		heb	heb.class
hf		hf	hf.class
hfa		hfa	hfa.class
hfb		hfb	hfb.class
hg		hg	hg.class
hga		hga	hga.class
hgb		hgb	hgb.class
hh		hh	hh.class
hha		hha	hha.class
hhb		hhb	hhb.class
hi		hi	hi.class
hia		hia	hia.class
hib		hib	hib.class
hj		hj	hj.class
hja		hja	hja.class
hjb		hjb	hjb.class
hk		hk	hk.class
hka		hka	hka.class
hkb		hkb	hkb.class
hl		hl	hl.class
hla		hla	hla.class
hlb		hlb	hlb.class
hm		hm	hm.class
hma		hma	hma.class
hmb		hmb	hmb.class
hn		hn	hn.class
hna		hna	hna.class
hnb		hnb	hnb.class
ho		ho	ho.class
hoa		hoa	hoa.class
hob		hob	hob.class
hp		hp	hp.class
hpa		hpa	hpa.class
hpb		hpb	hpb.class
hq		hq	hq.class
hqa		hqa	hqa.class
hqb		hqb	hqb.class
hr		hr	hr.class
hra		hra	hra.class
hrb		hrb	hrb.class
hs		hs	hs.class
hsa		hsa	hsa.class
hsb		hsb	hsb.class
ht		ht	ht.class
hta		hta	hta.class
htb		htb	htb.class
hu		hu	hu.class
hua		hua	hua.class
hv		hv	hv.class
hva		hva	hva.class
hw		hw	hw.class
hwa		hwa	hwa.class
i		i	i.class
ia		ia	ia.class
iaa		iaa	iaa.class
iab		iab	iab.class
ib		ib	ib.class
iba		iba	iba.class
ibb		ibb	ibb.class
ic		ic	ic.class
ica		ica	ica.class
icb		icb	icb.class
id		id	id.class
ida		ida	ida.class
idb		idb	idb.class
ie		ie	ie.class
iea		iea	iea.class
ieb		ieb	ieb.class
ifa		ifa	ifa.class
ifb		ifb	ifb.class
ig		ig	ig.class
iga		iga	iga.class
igb		igb	igb.class
ih		ih	ih.class
iha		iha	iha.class
ihb		ihb	ihb.class
ii		ii	ii.class
iia		iia	iia.class
iib		iib	iib.class
ij		ij	ij.class
ija		ija	ija.class
ijb		ijb	ijb.class
ik		ik	ik.class
ika		ika	ika.class
ikb		ikb	ikb.class
il		il	il.class
ila		ila	ila.class
ilb		ilb	ilb.class
im		im	im.class
ima		ima	ima.class
imb		imb	imb.class
in		in	in.class
ina		ina	ina.class
inb		inb	inb.class
io		io	io.class
ioa		ioa	ioa.class
iob		iob	iob.class
ip		ip	ip.class
ipa		ipa	ipa.class
ipb		ipb	ipb.class
iq		iq	iq.class
iqa		iqa	iqa.class
iqb		iqb	iqb.class
ir		ir	ir.class
ira		ira	ira.class
irb		irb	irb.class
is		is	is.class
isa		isa	isa.class
isb		isb	isb.class
it		it	it.class
ita		ita	ita.class
itb		itb	itb.class
iu		iu	iu.class
iua		iua	iua.class
iv		iv	iv.class
iva		iva	iva.class
iw		iw	iw.class
iwa		iwa	iwa.class
j		j	j.class
ja		ja	ja.class
jaa		jaa	jaa.class
jab		jab	jab.class
jaclib.memory.Buffer	jaclib.memory	Buffer	jaclib/memory/Buffer.class
jaclib.memory.NativeBuffer	jaclib.memory	NativeBuffer	jaclib/memory/NativeBuffer.class
jaclib.memory.Source	jaclib.memory	Source	jaclib/memory/Source.class
jaclib.memory.Stream	jaclib.memory	Stream	jaclib/memory/Stream.class
jaclib.memory.heap.NativeHeap	jaclib.memory.heap	NativeHeap	jaclib/memory/heap/NativeHeap.class
jaclib.memory.heap.NativeHeapBuffer	jaclib.memory.heap	NativeHeapBuffer	jaclib/memory/heap/NativeHeapBuffer.class
jaclib.peer.IUnknown	jaclib.peer	IUnknown	jaclib/peer/IUnknown.class
jaclib.peer.IUnknownReference	jaclib.peer	IUnknownReference	jaclib/peer/IUnknownReference.class
jaclib.peer.NativeHeapPeerReference	jaclib.peer	NativeHeapPeerReference	jaclib/peer/NativeHeapPeerReference.class
jaclib.peer.Peer	jaclib.peer	Peer	jaclib/peer/Peer.class
jaclib.peer.PeerReference	jaclib.peer	PeerReference	jaclib/peer/PeerReference.class
jaclib.peer.doa	jaclib.peer	doa	jaclib/peer/doa.class
jaclib.peer.tqb	jaclib.peer	tqb	jaclib/peer/tqb.class
jagdx.D3DCAPS	jagdx	D3DCAPS	jagdx/D3DCAPS.class
jagdx.D3DDISPLAYMODE	jagdx	D3DDISPLAYMODE	jagdx/D3DDISPLAYMODE.class
jagdx.D3DLIGHT	jagdx	D3DLIGHT	jagdx/D3DLIGHT.class
jagdx.D3DPRESENT_PARAMETERS	jagdx	D3DPRESENT_PARAMETERS	jagdx/D3DPRESENT_PARAMETERS.class
jagdx.D3DPSHADERCAPS2_0	jagdx	D3DPSHADERCAPS2_0	jagdx/D3DPSHADERCAPS2_0.class
jagdx.D3DVSHADERCAPS2_0	jagdx	D3DVSHADERCAPS2_0	jagdx/D3DVSHADERCAPS2_0.class
jagdx.GeometryBuffer	jagdx	GeometryBuffer	jagdx/GeometryBuffer.class
jagdx.IDirect3D	jagdx	IDirect3D	jagdx/IDirect3D.class
jagdx.IDirect3DBaseTexture	jagdx	IDirect3DBaseTexture	jagdx/IDirect3DBaseTexture.class
jagdx.IDirect3DCubeTexture	jagdx	IDirect3DCubeTexture	jagdx/IDirect3DCubeTexture.class
jagdx.IDirect3DDevice	jagdx	IDirect3DDevice	jagdx/IDirect3DDevice.class
jagdx.IDirect3DIndexBuffer	jagdx	IDirect3DIndexBuffer	jagdx/IDirect3DIndexBuffer.class
jagdx.IDirect3DPixelShader	jagdx	IDirect3DPixelShader	jagdx/IDirect3DPixelShader.class
jagdx.IDirect3DSurface	jagdx	IDirect3DSurface	jagdx/IDirect3DSurface.class
jagdx.IDirect3DSwapChain	jagdx	IDirect3DSwapChain	jagdx/IDirect3DSwapChain.class
jagdx.IDirect3DTexture	jagdx	IDirect3DTexture	jagdx/IDirect3DTexture.class
jagdx.IDirect3DVertexBuffer	jagdx	IDirect3DVertexBuffer	jagdx/IDirect3DVertexBuffer.class
jagdx.IDirect3DVertexDeclaration	jagdx	IDirect3DVertexDeclaration	jagdx/IDirect3DVertexDeclaration.class
jagdx.IDirect3DVertexShader	jagdx	IDirect3DVertexShader	jagdx/IDirect3DVertexShader.class
jagdx.IDirect3DVolumeTexture	jagdx	IDirect3DVolumeTexture	jagdx/IDirect3DVolumeTexture.class
jagdx.PixelBuffer	jagdx	PixelBuffer	jagdx/PixelBuffer.class
jagdx.VertexElementCollection	jagdx	VertexElementCollection	jagdx/VertexElementCollection.class
jagdx.hea	jagdx	hea	jagdx/hea.class
jagdx.nba	jagdx	nba	jagdx/nba.class
jagex3.graphics2.hw.NativeInterface	jagex3.graphics2.hw	NativeInterface	jagex3/graphics2/hw/NativeInterface.class
jaggl.MapBuffer	jaggl	MapBuffer	jaggl/MapBuffer.class
jaggl.OpenGL	jaggl	OpenGL	jaggl/OpenGL.class
jb		jb	jb.class
jba		jba	jba.class
jbb		jbb	jbb.class
jc		jc	jc.class
jca		jca	jca.class
jcb		jcb	jcb.class
jd		jd	jd.class
jda		jda	jda.class
jdb		jdb	jdb.class
je		je	je.class
jea		jea	jea.class
jeb		jeb	jeb.class
jf		jf	jf.class
jfa		jfa	jfa.class
jfb		jfb	jfb.class
jg		jg	jg.class
jga		jga	jga.class
jgb		jgb	jgb.class
jh		jh	jh.class
jha		jha	jha.class
jhb		jhb	jhb.class
ji		ji	ji.class
jia		jia	jia.class
jib		jib	jib.class
jj		jj	jj.class
jja		jja	jja.class
jjb		jjb	jjb.class
jk		jk	jk.class
jka		jka	jka.class
jkb		jkb	jkb.class
jl		jl	jl.class
jla		jla	jla.class
jlb		jlb	jlb.class
jm		jm	jm.class
jma		jma	jma.class
jmb		jmb	jmb.class
jn		jn	jn.class
jna		jna	jna.class
jnb		jnb	jnb.class
jo		jo	jo.class
joa		joa	joa.class
job		job	job.class
jp		jp	jp.class
jpa		jpa	jpa.class
jpb		jpb	jpb.class
jq		jq	jq.class
jqa		jqa	jqa.class
jqb		jqb	jqb.class
jr		jr	jr.class
jra		jra	jra.class
jrb		jrb	jrb.class
js		js	js.class
jsa		jsa	jsa.class
jsb		jsb	jsb.class
jt		jt	jt.class
jta		jta	jta.class
jtb		jtb	jtb.class
ju		ju	ju.class
jua		jua	jua.class
jv		jv	jv.class
jva		jva	jva.class
jw		jw	jw.class
jwa		jwa	jwa.class
k		k	k.class
ka		ka	ka.class
kaa		kaa	kaa.class
kab		kab	kab.class
kb		kb	kb.class
kba		kba	kba.class
kbb		kbb	kbb.class
kc		kc	kc.class
kca		kca	kca.class
kcb		kcb	kcb.class
kd		kd	kd.class
kda		kda	kda.class
kdb		kdb	kdb.class
ke		ke	ke.class
kea		kea	kea.class
keb		keb	keb.class
kf		kf	kf.class
kfa		kfa	kfa.class
kfb		kfb	kfb.class
kg		kg	kg.class
kga		kga	kga.class
kgb		kgb	kgb.class
kh		kh	kh.class
kha		kha	kha.class
khb		khb	khb.class
ki		ki	ki.class
kia		kia	kia.class
kib		kib	kib.class
kj		kj	kj.class
kja		kja	kja.class
kjb		kjb	kjb.class
kk		kk	kk.class
kka		kka	kka.class
kkb		kkb	kkb.class
kl		kl	kl.class
kla		kla	kla.class
klb		klb	klb.class
km		km	km.class
kma		kma	kma.class
kmb		kmb	kmb.class
kn		kn	kn.class
kna		kna	kna.class
knb		knb	knb.class
ko		ko	ko.class
koa		koa	koa.class
kob		kob	kob.class
kp		kp	kp.class
kpa		kpa	kpa.class
kpb		kpb	kpb.class
kq		kq	kq.class
kqb		kqb	kqb.class
kr		kr	kr.class
kra		kra	kra.class
krb		krb	krb.class
ks		ks	ks.class
ksa		ksa	ksa.class
ksb		ksb	ksb.class
kt		kt	kt.class
ktb		ktb	ktb.class
ku		ku	ku.class
kua		kua	kua.class
kv		kv	kv.class
kva		kva	kva.class
kw		kw	kw.class
kwa		kwa	kwa.class
l		l	l.class
la		la	la.class
laa		laa	laa.class
lab		lab	lab.class
lb		lb	lb.class
lba		lba	lba.class
lbb		lbb	lbb.class
lc		lc	lc.class
lca		lca	lca.class
lcb		lcb	lcb.class
ld		ld	ld.class
lda		lda	lda.class
ldb		ldb	ldb.class
le		le	le.class
lea		lea	lea.class
leb		leb	leb.class
lf		lf	lf.class
lfa		lfa	lfa.class
lfb		lfb	lfb.class
lg		lg	lg.class
lga		lga	lga.class
lgb		lgb	lgb.class
lh		lh	lh.class
lha		lha	lha.class
lhb		lhb	lhb.class
li		li	li.class
lia		lia	lia.class
lib		lib	lib.class
lj		lj	lj.class
lja		lja	lja.class
ljb		ljb	ljb.class
lk		lk	lk.class
lka		lka	lka.class
lkb		lkb	lkb.class
ll		ll	ll.class
lla		lla	lla.class
llb		llb	llb.class
lm		lm	lm.class
lma		lma	lma.class
lmb		lmb	lmb.class
ln		ln	ln.class
lna		lna	lna.class
lnb		lnb	lnb.class
lo		lo	lo.class
loa		loa	loa.class
lob		lob	lob.class
lp		lp	lp.class
lpa		lpa	lpa.class
lpb		lpb	lpb.class
lq		lq	lq.class
lqa		lqa	lqa.class
lqb		lqb	lqb.class
lr		lr	lr.class
lra		lra	lra.class
lrb		lrb	lrb.class
ls		ls	ls.class
lsa		lsa	lsa.class
lsb		lsb	lsb.class
lt		lt	lt.class
lta		lta	lta.class
ltb		ltb	ltb.class
lu		lu	lu.class
lua		lua	lua.class
lv		lv	lv.class
lva		lva	lva.class
lw		lw	lw.class
lwa		lwa	lwa.class
m		m	m.class
ma		ma	ma.class
maa		maa	maa.class
mab		mab	mab.class
mb		mb	mb.class
mba		mba	mba.class
mbb		mbb	mbb.class
mc		mc	mc.class
mca		mca	mca.class
mcb		mcb	mcb.class
md		md	md.class
mda		mda	mda.class
mdb		mdb	mdb.class
me		me	me.class
mea		mea	mea.class
meb		meb	meb.class
mf		mf	mf.class
mfa		mfa	mfa.class
mfb		mfb	mfb.class
mg		mg	mg.class
mga		mga	mga.class
mgb		mgb	mgb.class
mh		mh	mh.class
mha		mha	mha.class
mhb		mhb	mhb.class
mi		mi	mi.class
mia		mia	mia.class
mib		mib	mib.class
mj		mj	mj.class
mja		mja	mja.class
mjb		mjb	mjb.class
mk		mk	mk.class
mka		mka	mka.class
mkb		mkb	mkb.class
ml		ml	ml.class
mla		mla	mla.class
mlb		mlb	mlb.class
mm		mm	mm.class
mma		mma	mma.class
mmb		mmb	mmb.class
mn		mn	mn.class
mna		mna	mna.class
mnb		mnb	mnb.class
mo		mo	mo.class
moa		moa	moa.class
mob		mob	mob.class
mp		mp	mp.class
mpa		mpa	mpa.class
mpb		mpb	mpb.class
mq		mq	mq.class
mqa		mqa	mqa.class
mqb		mqb	mqb.class
mr		mr	mr.class
mra		mra	mra.class
mrb		mrb	mrb.class
ms		ms	ms.class
msa		msa	msa.class
msb		msb	msb.class
mt		mt	mt.class
mta		mta	mta.class
mtb		mtb	mtb.class
mu		mu	mu.class
mua		mua	mua.class
mv		mv	mv.class
mva		mva	mva.class
mw		mw	mw.class
mwa		mwa	mwa.class
n		n	n.class
na		na	na.class
naa		naa	naa.class
nab		nab	nab.class
nb		nb	nb.class
nbb		nbb	nbb.class
nc		nc	nc.class
nca		nca	nca.class
ncb		ncb	ncb.class
nd		nd	nd.class
nda		nda	nda.class
ndb		ndb	ndb.class
ne		ne	ne.class
nea		nea	nea.class
neb		neb	neb.class
nf		nf	nf.class
nfa		nfa	nfa.class
nfb		nfb	nfb.class
ng		ng	ng.class
nga		nga	nga.class
ngb		ngb	ngb.class
nh		nh	nh.class
nha		nha	nha.class
nhb		nhb	nhb.class
ni		ni	ni.class
nia		nia	nia.class
nib		nib	nib.class
nj		nj	nj.class
nja		nja	nja.class
njb		njb	njb.class
nk		nk	nk.class
nka		nka	nka.class
nkb		nkb	nkb.class
nl		nl	nl.class
nla		nla	nla.class
nlb		nlb	nlb.class
nm		nm	nm.class
nma		nma	nma.class
nmb		nmb	nmb.class
nn		nn	nn.class
nna		nna	nna.class
nnb		nnb	nnb.class
no		no	no.class
noa		noa	noa.class
nob		nob	nob.class
np		np	np.class
npa		npa	npa.class
npb		npb	npb.class
nq		nq	nq.class
nqa		nqa	nqa.class
nr		nr	nr.class
nra		nra	nra.class
nrb		nrb	nrb.class
ns		ns	ns.class
nsa		nsa	nsa.class
nsb		nsb	nsb.class
nt		nt	nt.class
nta		nta	nta.class
ntb		ntb	ntb.class
nu		nu	nu.class
nua		nua	nua.class
nv		nv	nv.class
nva		nva	nva.class
nw		nw	nw.class
nwa		nwa	nwa.class
o		o	o.class
oa		oa	oa.class
oaa		oaa	oaa.class
oab		oab	oab.class
ob		ob	ob.class
oba		oba	oba.class
obb		obb	obb.class
oc		oc	oc.class
oca		oca	oca.class
ocb		ocb	ocb.class
od		od	od.class
oda		oda	oda.class
odb		odb	odb.class
oe		oe	oe.class
oea		oea	oea.class
oeb		oeb	oeb.class
of		of	of.class
ofa		ofa	ofa.class
ofb		ofb	ofb.class
og		og	og.class
oga		oga	oga.class
ogb		ogb	ogb.class
oh		oh	oh.class
oha		oha	oha.class
ohb		ohb	ohb.class
oi		oi	oi.class
oia		oia	oia.class
oib		oib	oib.class
oj		oj	oj.class
oja		oja	oja.class
ojb		ojb	ojb.class
ok		ok	ok.class
oka		oka	oka.class
okb		okb	okb.class
ol		ol	ol.class
ola		ola	ola.class
olb		olb	olb.class
om		om	om.class
oma		oma	oma.class
omb		omb	omb.class
on		on	on.class
ona		ona	ona.class
onb		onb	onb.class
oo		oo	oo.class
ooa		ooa	ooa.class
oob		oob	oob.class
op		op	op.class
opa		opa	opa.class
opb		opb	opb.class
oq		oq	oq.class
oqa		oqa	oqa.class
oqb		oqb	oqb.class
or		or	or.class
ora		ora	ora.class
orb		orb	orb.class
os		os	os.class
osa		osa	osa.class
osb		osb	osb.class
ot		ot	ot.class
ota		ota	ota.class
otb		otb	otb.class
ou		ou	ou.class
oua		oua	oua.class
ov		ov	ov.class
ova		ova	ova.class
ow		ow	ow.class
owa		owa	owa.class
p		p	p.class
pa		pa	pa.class
paa		paa	paa.class
pab		pab	pab.class
pb		pb	pb.class
pba		pba	pba.class
pbb		pbb	pbb.class
pc		pc	pc.class
pca		pca	pca.class
pcb		pcb	pcb.class
pd		pd	pd.class
pda		pda	pda.class
pdb		pdb	pdb.class
pe		pe	pe.class
pea		pea	pea.class
peb		peb	peb.class
pf		pf	pf.class
pfa		pfa	pfa.class
pfb		pfb	pfb.class
pg		pg	pg.class
pga		pga	pga.class
pgb		pgb	pgb.class
ph		ph	ph.class
pha		pha	pha.class
phb		phb	phb.class
pi		pi	pi.class
pia		pia	pia.class
pib		pib	pib.class
pj		pj	pj.class
pja		pja	pja.class
pjb		pjb	pjb.class
pk		pk	pk.class
pka		pka	pka.class
pkb		pkb	pkb.class
pl		pl	pl.class
pla		pla	pla.class
plb		plb	plb.class
pm		pm	pm.class
pma		pma	pma.class
pmb		pmb	pmb.class
pn		pn	pn.class
pnb		pnb	pnb.class
po		po	po.class
poa		poa	poa.class
pob		pob	pob.class
pp		pp	pp.class
ppa		ppa	ppa.class
ppb		ppb	ppb.class
pq		pq	pq.class
pqa		pqa	pqa.class
pqb		pqb	pqb.class
pr		pr	pr.class
pra		pra	pra.class
prb		prb	prb.class
ps		ps	ps.class
psa		psa	psa.class
psb		psb	psb.class
pt		pt	pt.class
pta		pta	pta.class
ptb		ptb	ptb.class
pu		pu	pu.class
pua		pua	pua.class
pv		pv	pv.class
pva		pva	pva.class
pw		pw	pw.class
pwa		pwa	pwa.class
q		q	q.class
qa		qa	qa.class
qaa		qaa	qaa.class
qab		qab	qab.class
qb		qb	qb.class
qba		qba	qba.class
qbb		qbb	qbb.class
qc		qc	qc.class
qca		qca	qca.class
qcb		qcb	qcb.class
qd		qd	qd.class
qda		qda	qda.class
qdb		qdb	qdb.class
qe		qe	qe.class
qea		qea	qea.class
qeb		qeb	qeb.class
qf		qf	qf.class
qfa		qfa	qfa.class
qfb		qfb	qfb.class
qg		qg	qg.class
qga		qga	qga.class
qgb		qgb	qgb.class
qh		qh	qh.class
qha		qha	qha.class
qhb		qhb	qhb.class
qi		qi	qi.class
qia		qia	qia.class
qib		qib	qib.class
qj		qj	qj.class
qja		qja	qja.class
qjb		qjb	qjb.class
qk		qk	qk.class
qka		qka	qka.class
qkb		qkb	qkb.class
ql		ql	ql.class
qla		qla	qla.class
qlb		qlb	qlb.class
qm		qm	qm.class
qma		qma	qma.class
qmb		qmb	qmb.class
qn		qn	qn.class
qna		qna	qna.class
qnb		qnb	qnb.class
qo		qo	qo.class
qoa		qoa	qoa.class
qob		qob	qob.class
qp		qp	qp.class
qpa		qpa	qpa.class
qpb		qpb	qpb.class
qq		qq	qq.class
qqa		qqa	qqa.class
qqb		qqb	qqb.class
qr		qr	qr.class
qra		qra	qra.class
qrb		qrb	qrb.class
qs		qs	qs.class
qsa		qsa	qsa.class
qsb		qsb	qsb.class
qt		qt	qt.class
qta		qta	qta.class
qtb		qtb	qtb.class
qu		qu	qu.class
qua		qua	qua.class
qv		qv	qv.class
qva		qva	qva.class
qw		qw	qw.class
qwa		qwa	qwa.class
r		r	r.class
ra		ra	ra.class
raa		raa	raa.class
rab		rab	rab.class
rb		rb	rb.class
rba		rba	rba.class
rbb		rbb	rbb.class
rc		rc	rc.class
rca		rca	rca.class
rcb		rcb	rcb.class
rd		rd	rd.class
rda		rda	rda.class
rdb		rdb	rdb.class
re		re	re.class
rea		rea	rea.class
reb		reb	reb.class
rf		rf	rf.class
rfa		rfa	rfa.class
rfb		rfb	rfb.class
rg		rg	rg.class
rga		rga	rga.class
rgb		rgb	rgb.class
rh		rh	rh.class
rha		rha	rha.class
rhb		rhb	rhb.class
ri		ri	ri.class
ria		ria	ria.class
rib		rib	rib.class
rj		rj	rj.class
rja		rja	rja.class
rjb		rjb	rjb.class
rk		rk	rk.class
rka		rka	rka.class
rkb		rkb	rkb.class
rl		rl	rl.class
rla		rla	rla.class
rlb		rlb	rlb.class
rm		rm	rm.class
rma		rma	rma.class
rmb		rmb	rmb.class
rn		rn	rn.class
rna		rna	rna.class
rnb		rnb	rnb.class
ro		ro	ro.class
roa		roa	roa.class
rob		rob	rob.class
rp		rp	rp.class
rpa		rpa	rpa.class
rpb		rpb	rpb.class
rq		rq	rq.class
rqa		rqa	rqa.class
rqb		rqb	rqb.class
rr		rr	rr.class
rra		rra	rra.class
rrb		rrb	rrb.class
rs		rs	rs.class
rsa		rsa	rsa.class
rsb		rsb	rsb.class
rt		rt	rt.class
rta		rta	rta.class
rtb		rtb	rtb.class
ru		ru	ru.class
rua		rua	rua.class
rv		rv	rv.class
rw		rw	rw.class
rwa		rwa	rwa.class
s		s	s.class
sa		sa	sa.class
saa		saa	saa.class
sab		sab	sab.class
sb		sb	sb.class
sba		sba	sba.class
sbb		sbb	sbb.class
sc		sc	sc.class
sca		sca	sca.class
scb		scb	scb.class
sd		sd	sd.class
sda		sda	sda.class
sdb		sdb	sdb.class
se		se	se.class
sea		sea	sea.class
seb		seb	seb.class
sf		sf	sf.class
sfa		sfa	sfa.class
sfb		sfb	sfb.class
sg		sg	sg.class
sga		sga	sga.class
sgb		sgb	sgb.class
sh		sh	sh.class
sha		sha	sha.class
shb		shb	shb.class
si		si	si.class
sia		sia	sia.class
sib		sib	sib.class
sj		sj	sj.class
sja		sja	sja.class
sjb		sjb	sjb.class
sk		sk	sk.class
ska		ska	ska.class
skb		skb	skb.class
sl		sl	sl.class
sla		sla	sla.class
slb		slb	slb.class
sm		sm	sm.class
sma		sma	sma.class
smb		smb	smb.class
sn		sn	sn.class
sna		sna	sna.class
snb		snb	snb.class
so		so	so.class
soa		soa	soa.class
sob		sob	sob.class
sp		sp	sp.class
spa		spa	spa.class
spb		spb	spb.class
sq		sq	sq.class
sqa		sqa	sqa.class
sqb		sqb	sqb.class
sr		sr	sr.class
sra		sra	sra.class
srb		srb	srb.class
ss		ss	ss.class
ssa		ssa	ssa.class
ssb		ssb	ssb.class
st		st	st.class
sta		sta	sta.class
stb		stb	stb.class
su		su	su.class
sua		sua	sua.class
sv		sv	sv.class
sva		sva	sva.class
sw		sw	sw.class
swa		swa	swa.class
t		t	t.class
ta		ta	ta.class
taa		taa	taa.class
tab		tab	tab.class
tb		tb	tb.class
tba		tba	tba.class
tbb		tbb	tbb.class
tc		tc	tc.class
tca		tca	tca.class
tcb		tcb	tcb.class
td		td	td.class
tda		tda	tda.class
tdb		tdb	tdb.class
te		te	te.class
tea		tea	tea.class
teb		teb	teb.class
tf		tf	tf.class
tfa		tfa	tfa.class
tfb		tfb	tfb.class
tg		tg	tg.class
tga		tga	tga.class
tgb		tgb	tgb.class
th		th	th.class
tha		tha	tha.class
thb		thb	thb.class
ti		ti	ti.class
tia		tia	tia.class
tib		tib	tib.class
tj		tj	tj.class
tja		tja	tja.class
tjb		tjb	tjb.class
tk		tk	tk.class
tka		tka	tka.class
tkb		tkb	tkb.class
tl		tl	tl.class
tla		tla	tla.class
tlb		tlb	tlb.class
tm		tm	tm.class
tma		tma	tma.class
tmb		tmb	tmb.class
tn		tn	tn.class
tna		tna	tna.class
tnb		tnb	tnb.class
to		to	to.class
toa		toa	toa.class
tob		tob	tob.class
tp		tp	tp.class
tpa		tpa	tpa.class
tpb		tpb	tpb.class
tq		tq	tq.class
tqa		tqa	tqa.class
tr		tr	tr.class
tra		tra	tra.class
trb		trb	trb.class
ts		ts	ts.class
tsa		tsa	tsa.class
tsb		tsb	tsb.class
tt		tt	tt.class
tta		tta	tta.class
ttb		ttb	ttb.class
tu		tu	tu.class
tua		tua	tua.class
tv		tv	tv.class
tva		tva	tva.class
tw		tw	tw.class
twa		twa	twa.class
u		u	u.class
ua		ua	ua.class
uaa		uaa	uaa.class
uab		uab	uab.class
ub		ub	ub.class
uba		uba	uba.class
ubb		ubb	ubb.class
uc		uc	uc.class
uca		uca	uca.class
ucb		ucb	ucb.class
ud		ud	ud.class
uda		uda	uda.class
udb		udb	udb.class
ue		ue	ue.class
uea		uea	uea.class
ueb		ueb	ueb.class
uf		uf	uf.class
ufa		ufa	ufa.class
ufb		ufb	ufb.class
ug		ug	ug.class
uga		uga	uga.class
ugb		ugb	ugb.class
uh		uh	uh.class
uha		uha	uha.class
uhb		uhb	uhb.class
ui		ui	ui.class
uia		uia	uia.class
uib		uib	uib.class
uj		uj	uj.class
uja		uja	uja.class
ujb		ujb	ujb.class
uk		uk	uk.class
uka		uka	uka.class
ukb		ukb	ukb.class
ul		ul	ul.class
ula		ula	ula.class
ulb		ulb	ulb.class
um		um	um.class
uma		uma	uma.class
umb		umb	umb.class
un		un	un.class
una		una	una.class
unb		unb	unb.class
uo		uo	uo.class
uoa		uoa	uoa.class
uob		uob	uob.class
up		up	up.class
upa		upa	upa.class
upb		upb	upb.class
uq		uq	uq.class
uqa		uqa	uqa.class
uqb		uqb	uqb.class
ur		ur	ur.class
ura		ura	ura.class
urb		urb	urb.class
us		us	us.class
usa		usa	usa.class
usb		usb	usb.class
ut		ut	ut.class
uta		uta	uta.class
utb		utb	utb.class
uu		uu	uu.class
uua		uua	uua.class
uv		uv	uv.class
uva		uva	uva.class
uw		uw	uw.class
uwa		uwa	uwa.class
v		v	v.class
va		va	va.class
vaa		vaa	vaa.class
vab		vab	vab.class
vba		vba	vba.class
vbb		vbb	vbb.class
vc		vc	vc.class
vca		vca	vca.class
vcb		vcb	vcb.class
vd		vd	vd.class
vda		vda	vda.class
vdb		vdb	vdb.class
ve		ve	ve.class
vea		vea	vea.class
veb		veb	veb.class
vf		vf	vf.class
vfa		vfa	vfa.class
vfb		vfb	vfb.class
vg		vg	vg.class
vga		vga	vga.class
vgb		vgb	vgb.class
vh		vh	vh.class
vha		vha	vha.class
vhb		vhb	vhb.class
vi		vi	vi.class
via		via	via.class
vib		vib	vib.class
vj		vj	vj.class
vja		vja	vja.class
vjb		vjb	vjb.class
vk		vk	vk.class
vka		vka	vka.class
vkb		vkb	vkb.class
vl		vl	vl.class
vla		vla	vla.class
vlb		vlb	vlb.class
vm		vm	vm.class
vma		vma	vma.class
vmb		vmb	vmb.class
vn		vn	vn.class
vna		vna	vna.class
vnb		vnb	vnb.class
vo		vo	vo.class
voa		voa	voa.class
vob		vob	vob.class
vp		vp	vp.class
vpa		vpa	vpa.class
vpb		vpb	vpb.class
vq		vq	vq.class
vqa		vqa	vqa.class
vqb		vqb	vqb.class
vr		vr	vr.class
vra		vra	vra.class
vrb		vrb	vrb.class
vs		vs	vs.class
vsa		vsa	vsa.class
vsb		vsb	vsb.class
vt		vt	vt.class
vtb		vtb	vtb.class
vu		vu	vu.class
vua		vua	vua.class
vv		vv	vv.class
vva		vva	vva.class
vw		vw	vw.class
vwa		vwa	vwa.class
w		w	w.class
wa		wa	wa.class
waa		waa	waa.class
wab		wab	wab.class
wb		wb	wb.class
wba		wba	wba.class
wbb		wbb	wbb.class
wc		wc	wc.class
wca		wca	wca.class
wcb		wcb	wcb.class
wd		wd	wd.class
wda		wda	wda.class
wdb		wdb	wdb.class
we		we	we.class
wea		wea	wea.class
web		web	web.class
wf		wf	wf.class
wfa		wfa	wfa.class
wfb		wfb	wfb.class
wg		wg	wg.class
wga		wga	wga.class
wgb		wgb	wgb.class
wh		wh	wh.class
wha		wha	wha.class
whb		whb	whb.class
wi		wi	wi.class
wia		wia	wia.class
wib		wib	wib.class
wj		wj	wj.class
wja		wja	wja.class
wjb		wjb	wjb.class
wk		wk	wk.class
wka		wka	wka.class
wkb		wkb	wkb.class
wl		wl	wl.class
wla		wla	wla.class
wlb		wlb	wlb.class
wm		wm	wm.class
wma		wma	wma.class
wmb		wmb	wmb.class
wn		wn	wn.class
wna		wna	wna.class
wnb		wnb	wnb.class
wo		wo	wo.class
woa		woa	woa.class
wob		wob	wob.class
wp		wp	wp.class
wpa		wpa	wpa.class
wpb		wpb	wpb.class
wq		wq	wq.class
wqa		wqa	wqa.class
wqb		wqb	wqb.class
wr		wr	wr.class
wra		wra	wra.class
wrb		wrb	wrb.class
ws		ws	ws.class
wsa		wsa	wsa.class
wsb		wsb	wsb.class
wt		wt	wt.class
wta		wta	wta.class
wu		wu	wu.class
wua		wua	wua.class
wv		wv	wv.class
wva		wva	wva.class
ww		ww	ww.class
wwa		wwa	wwa.class
xa		xa	xa.class
ya		ya	ya.class
za		za	za.class
