symbol_or_expression,occurrences,source_notes
(),1,03_NETWORK_RPC_MANIFEST.md
"(x,y)",1,35_JAR_BYTECODE_PHYSICS_VERIFICATION.md
-1,1,01_GAME_STRUCTURE_INVENTORY.md
"-100 + random[0,199]",1,21_NATIVE_DEBRIS_LAUNCH_MAPPING.md
-100.0 .. 2147483648.0,1,DEFINITIVE_VALUES/JAR_CENSUS.md
-1843231949,1,00_DEFINITIVE_ORIGINAL_JAR.md
-1=#D72828,1,31_COMPONENT_56_SLOT_RECONCILIATION.md
-2,1,01_GAME_STRUCTURE_INVENTORY.md
-2048,1,29_NATIVE_THRUSTER_OPERATOR_RECOVERY.md
-2147483648 .. 2147483647,1,DEFINITIVE_VALUES/JAR_CENSUS.md
-2=#2849D7,1,31_COMPONENT_56_SLOT_RECONCILIATION.md
-3,1,01_GAME_STRUCTURE_INVENTORY.md
-3.141592653589793 .. 16777216.0,1,DEFINITIVE_VALUES/JAR_CENSUS.md
-3=#D77628,1,31_COMPONENT_56_SLOT_RECONCILIATION.md
-4096 .. +4095,1,29_NATIVE_THRUSTER_OPERATOR_RECOVERY.md
.class,4,01_GAME_STRUCTURE_INVENTORY.md; DEFINITIVE_VALUES/FULL_JAR_ANALYSIS.md; DEFINITIVE_VALUES/full_jar_semantic_census.md; ORIGINAL_JAR/PREPROCESSING_01_06/INDEX/INDEX_MANIFEST.md
/VOIDA/voidhunters_decompiled_raw.zip,1,00_RAW_FORENSIC_REFERENCE.md
0..55,1,DEFINITIVE_VALUES/README.md
0.35,1,02_BASELINE_GAMEPLAY_LOOP.md
00_DEFINITIVE_ORIGINAL_JAR.md,1,00_SOURCE_INDEX.md
00_RAW_FORENSIC_REFERENCE.md,1,00_SOURCE_INDEX.md
00_SOURCE_INDEX.md,1,00_DEFINITIVE_ORIGINAL_JAR.md
04_DIRECTIVES_AND_CHANGELOG.md,1,00_SOURCE_INDEX.md
1.00,1,02_BASELINE_GAMEPLAY_LOOP.md
1.2,1,02_BASELINE_GAMEPLAY_LOOP.md
1.50,1,02_BASELINE_GAMEPLAY_LOOP.md
10.0,1,02_BASELINE_GAMEPLAY_LOOP.md
100.0,1,02_BASELINE_GAMEPLAY_LOOP.md
15.0,2,02_BASELINE_GAMEPLAY_LOOP.md
16.0,1,02_BASELINE_GAMEPLAY_LOOP.md
180.0,1,02_BASELINE_GAMEPLAY_LOOP.md
19_RAW_PHYSICS_OPERATOR_RECOVERY.md,1,00_SOURCE_INDEX.md
21_NATIVE_DEBRIS_LAUNCH_MAPPING.md,1,00_SOURCE_INDEX.md
22_MISSION_FRAMEWORK_MIGRATION.md,1,00_SOURCE_INDEX.md
235_NATIVE_DEFAULTS_ATTESTATION.md,3,DEFINITIVE_VALUES/FULL_JAR_ANALYSIS.md; DEFINITIVE_VALUES/RAW_CENSUS_PROVENANCE.md
24.0,1,02_BASELINE_GAMEPLAY_LOOP.md
26_COMPONENT_DEFINITION_VALIDATION.md,1,00_SOURCE_INDEX.md
29_NATIVE_THRUSTER_OPERATOR_RECOVERY.md,1,00_SOURCE_INDEX.md
3.1.2,1,00_DEFINITIVE_ORIGINAL_JAR.md
3.5,1,02_BASELINE_GAMEPLAY_LOOP.md
30_BLOCKED_SHIELD_FORENSICS.md,1,00_SOURCE_INDEX.md
30_NATIVE_THRUSTER_BINDING_RECOVERY.md,1,00_SOURCE_INDEX.md
31_COMPONENT_56_SLOT_RECONCILIATION.md,1,00_SOURCE_INDEX.md
33_NATIVE_PHYSICS_CONFIG_RECONCILIATION.md,1,00_SOURCE_INDEX.md
34_NATIVE_WEAPON_PARAMETER_CONTRACT.md,1,00_SOURCE_INDEX.md
35_JAR_BYTECODE_PHYSICS_VERIFICATION.md,1,00_SOURCE_INDEX.md
3=#DCDCDC,1,31_COMPONENT_56_SLOT_RECONCILIATION.md
4=#D728AC,1,31_COMPONENT_56_SLOT_RECONCILIATION.md
5=#49D728,1,31_COMPONENT_56_SLOT_RECONCILIATION.md
6=#8F28D7,1,31_COMPONENT_56_SLOT_RECONCILIATION.md
7.2,1,02_BASELINE_GAMEPLAY_LOOP.md
>> 8,3,30_NATIVE_THRUSTER_BINDING_RECOVERY.md; 35_JAR_BYTECODE_PHYSICS_VERIFICATION.md
[ALTERORB_BEHAVIOR_VERIFIED],2,01_GAME_STRUCTURE_INVENTORY.md; 04_DIRECTIVES_AND_CHANGELOG.md
[ASSET_VERIFIED],2,01_GAME_STRUCTURE_INVENTORY.md; 04_DIRECTIVES_AND_CHANGELOG.md
[CODE_VERIFIED],18,00_FORENSIC_ENGINEER_BLUEPRINT.md; 01_GAME_STRUCTURE_INVENTORY.md; 04_DIRECTIVES_AND_CHANGELOG.md
[DOCUMENTATION_ONLY],2,01_GAME_STRUCTURE_INVENTORY.md; 04_DIRECTIVES_AND_CHANGELOG.md
[INFERRED],3,01_GAME_STRUCTURE_INVENTORY.md; 04_DIRECTIVES_AND_CHANGELOG.md
[ORIGINAL_DATA_VERIFIED],2,01_GAME_STRUCTURE_INVENTORY.md; 04_DIRECTIVES_AND_CHANGELOG.md
[UNKNOWN],2,01_GAME_STRUCTURE_INVENTORY.md; 04_DIRECTIVES_AND_CHANGELOG.md
a,1,01_GAME_STRUCTURE_INVENTORY.md
a = 4,1,21_NATIVE_DEBRIS_LAUNCH_MAPPING.md
a(true),1,DEFINITIVE_VALUES/NATIVE_COMPONENT_HP_OPERATOR.md
Add complete Void Hunters JAR literal/value census,1,DEFINITIVE_VALUES/JAR_CENSUS.md
Add consolidated full-JAR native analysis and handoff,1,DEFINITIVE_VALUES/FULL_JAR_ANALYSIS.md
AGENTS.md,6,00_FORENSIC_ENGINEER_BLUEPRINT.md; 04_DIRECTIVES_AND_CHANGELOG.md; 10_ROBLOX_LUAU_REFERENCE.md
AlignOrientation,2,10_ROBLOX_LUAU_REFERENCE.md; 30_NATIVE_THRUSTER_BINDING_RECOVERY.md
all.txt,5,ORIGINAL_JAR/PREPROCESSING_01_06/DECOMPILER_HANDOFF.md; ORIGINAL_JAR/PREPROCESSING_01_06/INDEX/INDEX_MANIFEST.md; ORIGINAL_JAR/PREPROCESSING_01_06/INDEX/SOURCE_EVIDENCE_LEDGER.md; ORIGINAL_JAR/PREPROCESSING_01_06/README.md; ORIGINAL_JAR/PREPROCESSING_01_06/STEP_01_06_MANIFEST.md
anb,16,29_NATIVE_THRUSTER_OPERATOR_RECOVERY.md; 30_NATIVE_THRUSTER_BINDING_RECOVERY.md; 33_NATIVE_PHYSICS_CONFIG_RECONCILIATION.md; 35_JAR_BYTECODE_PHYSICS_VERIFICATION.md; DEFINITIVE_VALUES/FULL_JAR_ANALYSIS.md; DEFINITIVE_VALUES/JAR_SEMANTIC_DOMAIN_MAP.md
anb.a,4,19_RAW_PHYSICS_OPERATOR_RECOVERY.md; 29_NATIVE_THRUSTER_OPERATOR_RECOVERY.md; 35_JAR_BYTECODE_PHYSICS_VERIFICATION.md
anb.a(...),1,35_JAR_BYTECODE_PHYSICS_VERIFICATION.md
"anb.a(int n2, int n3, int n4, byte by, int n5)",1,19_RAW_PHYSICS_OPERATOR_RECOVERY.md
"anb.a(int,int,int,byte,int)",1,35_JAR_BYTECODE_PHYSICS_VERIFICATION.md
anb.b,3,19_RAW_PHYSICS_OPERATOR_RECOVERY.md; 35_JAR_BYTECODE_PHYSICS_VERIFICATION.md
"anb.b(int n2, int n3)",1,19_RAW_PHYSICS_OPERATOR_RECOVERY.md
"anb.b(int,int)",2,35_JAR_BYTECODE_PHYSICS_VERIFICATION.md
anb.e,2,35_JAR_BYTECODE_PHYSICS_VERIFICATION.md
anb.e(byte),2,35_JAR_BYTECODE_PHYSICS_VERIFICATION.md
anb.EA,3,19_RAW_PHYSICS_OPERATOR_RECOVERY.md
anb.EA(...),1,19_RAW_PHYSICS_OPERATOR_RECOVERY.md
anb.f,1,19_RAW_PHYSICS_OPERATOR_RECOVERY.md
anb.f/h,1,19_RAW_PHYSICS_OPERATOR_RECOVERY.md
anb.java,10,00_RAW_FORENSIC_REFERENCE.md; 01_GAME_STRUCTURE_INVENTORY.md; 19_RAW_PHYSICS_OPERATOR_RECOVERY.md; 21_NATIVE_DEBRIS_LAUNCH_MAPPING.md
anb.KB,3,19_RAW_PHYSICS_OPERATOR_RECOVERY.md
anb.KB(...),1,19_RAW_PHYSICS_OPERATOR_RECOVERY.md
anb.n,2,19_RAW_PHYSICS_OPERATOR_RECOVERY.md
anb.o,1,19_RAW_PHYSICS_OPERATOR_RECOVERY.md
anb.o/t/p,1,19_RAW_PHYSICS_OPERATOR_RECOVERY.md
anb2 != null,1,19_RAW_PHYSICS_OPERATOR_RECOVERY.md
anb2.f,1,19_RAW_PHYSICS_OPERATOR_RECOVERY.md
anb2.h,1,19_RAW_PHYSICS_OPERATOR_RECOVERY.md
angle - 2048,1,30_NATIVE_THRUSTER_BINDING_RECOVERY.md
ANGULAR_FORCE_DOWNSHIFT = 4,1,33_NATIVE_PHYSICS_CONFIG_RECONCILIATION.md
ANGULAR_VELOCITY_SUSTAIN = 234,1,33_NATIVE_PHYSICS_CONFIG_RECONCILIATION.md
ANGULAR_VELOCITY_SUSTAIN_MAX = 256,1,33_NATIVE_PHYSICS_CONFIG_RECONCILIATION.md
aqa,8,29_NATIVE_THRUSTER_OPERATOR_RECOVERY.md; 30_NATIVE_THRUSTER_BINDING_RECOVERY.md; 33_NATIVE_PHYSICS_CONFIG_RECONCILIATION.md; DEFINITIVE_VALUES/JAR_SEMANTIC_DOMAIN_MAP.md
aqa.a,1,29_NATIVE_THRUSTER_OPERATOR_RECOVERY.md
aqa.java,5,29_NATIVE_THRUSTER_OPERATOR_RECOVERY.md; 30_NATIVE_THRUSTER_BINDING_RECOVERY.md
ar,1,19_RAW_PHYSICS_OPERATOR_RECOVERY.md
ar.a,3,19_RAW_PHYSICS_OPERATOR_RECOVERY.md
ar.java,2,19_RAW_PHYSICS_OPERATOR_RECOVERY.md
AssemblyAngularVelocity,1,10_ROBLOX_LUAU_REFERENCE.md
AssemblyLinearVelocity,2,10_ROBLOX_LUAU_REFERENCE.md; 21_NATIVE_DEBRIS_LAUNCH_MAPPING.md
b,2,01_GAME_STRUCTURE_INVENTORY.md; DEFINITIVE_VALUES/NATIVE_COMPONENT_HP_OPERATOR.md
b8134487a41158f67cfd3132548c3cee1058eb0e,1,22_MISSION_FRAMEWORK_MIGRATION.md
BallisticsEngine.luau,2,01_GAME_STRUCTURE_INVENTORY.md
BASE_MAX_HEALTH,1,02_BASELINE_GAMEPLAY_LOOP.md
BASE_WALKSPEED,1,02_BASELINE_GAMEPLAY_LOOP.md
BasePart,1,10_ROBLOX_LUAU_REFERENCE.md
BasePart:ApplyImpulse,1,10_ROBLOX_LUAU_REFERENCE.md
BLOCKED,2,00_SOURCE_INDEX.md; 04_DIRECTIVES_AND_CHANGELOG.md
BodyRecomputeService,1,33_NATIVE_PHYSICS_CONFIG_RECONCILIATION.md
BYTECODE_OPCODE_FREQUENCY.tsv,1,ORIGINAL_JAR/PREPROCESSING_01_06/INDEX/INDEX_MANIFEST.md
c,1,01_GAME_STRUCTURE_INVENTORY.md
c = 4,1,21_NATIVE_DEBRIS_LAUNCH_MAPPING.md
c826ed0b83c659f24fad288c65645fe9c1d9de1a,1,33_NATIVE_PHYSICS_CONFIG_RECONCILIATION.md
CapacitorSystem.luau,2,01_GAME_STRUCTURE_INVENTORY.md
CFrame:PointToWorldSpace,1,10_ROBLOX_LUAU_REFERENCE.md
CLASS_INDEX.tsv,4,01_GAME_STRUCTURE_INVENTORY.md; ORIGINAL_JAR/PREPROCESSING_01_06/DECOMPILED_SOURCE_HANDOFF.md; ORIGINAL_JAR/PREPROCESSING_01_06/INDEX/INDEX_MANIFEST.md; ORIGINAL_JAR/PREPROCESSING_01_06/INDEX/SOURCE_EVIDENCE_LEDGER.md
classes.txt,2,ORIGINAL_JAR/PREPROCESSING_01_06/README.md; ORIGINAL_JAR/PREPROCESSING_01_06/STEP_01_06_MANIFEST.md
classfiles.tar.gz,3,ORIGINAL_JAR/PREPROCESSING_01_06/INDEX/INDEX_MANIFEST.md; ORIGINAL_JAR/PREPROCESSING_01_06/INDEX/SOURCE_EVIDENCE_LEDGER.md; ORIGINAL_JAR/PREPROCESSING_01_06/STEP_01_06_MANIFEST.md
clb,2,DEFINITIVE_VALUES/FULL_JAR_ANALYSIS.md; DEFINITIVE_VALUES/JAR_SEMANTIC_DOMAIN_MAP.md
clb.a,2,29_NATIVE_THRUSTER_OPERATOR_RECOVERY.md
clb.java,4,29_NATIVE_THRUSTER_OPERATOR_RECOVERY.md
CLOSED-IMPLEMENTATION,2,00_SOURCE_INDEX.md; FORENSIC_README.md
CODE_VERIFIED,2,00_SOURCE_INDEX.md; 33_NATIVE_PHYSICS_CONFIG_RECONCILIATION.md
CombatFeed,1,03_NETWORK_RPC_MANIFEST.md
CombatTypes.luau,2,01_GAME_STRUCTURE_INVENTORY.md
Complete,1,04_DIRECTIVES_AND_CHANGELOG.md
component_56_slots.csv,10,00_DEFINITIVE_ORIGINAL_JAR.md; DEFINITIVE_VALUES/JAR_CENSUS.md; DEFINITIVE_VALUES/NATIVE_COMPONENT_HP_OPERATOR.md; DEFINITIVE_VALUES/RAW_CENSUS_PROVENANCE.md; DEFINITIVE_VALUES/README.md
COMPONENT_BREAKING_EXPLOSION_FORCE_MULTIPLIER = 32768,1,33_NATIVE_PHYSICS_CONFIG_RECONCILIATION.md
ComponentAuthority,8,04_DIRECTIVES_AND_CHANGELOG.md; 10_ROBLOX_LUAU_REFERENCE.md; 22_MISSION_FRAMEWORK_MIGRATION.md
ComponentAuthority.ApplyDamage,1,10_ROBLOX_LUAU_REFERENCE.md
ComponentAuthority.Bind,1,10_ROBLOX_LUAU_REFERENCE.md
ComponentAuthority.Get,3,10_ROBLOX_LUAU_REFERENCE.md; 22_MISSION_FRAMEWORK_MIGRATION.md
ComponentAuthority.Health,2,10_ROBLOX_LUAU_REFERENCE.md
ComponentAuthority.MarkDestroyed,1,10_ROBLOX_LUAU_REFERENCE.md
ComponentAuthority.MaxHealth,2,10_ROBLOX_LUAU_REFERENCE.md
ComponentAuthority.Repair,1,10_ROBLOX_LUAU_REFERENCE.md
ComponentDefinitionValidator.luau,1,26_COMPONENT_DEFINITION_VALIDATION.md
ComponentDefinitionValidator.ValidateAll,1,26_COMPONENT_DEFINITION_VALIDATION.md
ComponentDefinitionValidator.ValidateAll(),1,26_COMPONENT_DEFINITION_VALIDATION.md
Components.Connections,6,10_ROBLOX_LUAU_REFERENCE.md; 26_COMPONENT_DEFINITION_VALIDATION.md; 31_COMPONENT_56_SLOT_RECONCILIATION.md
Components.Types,2,31_COMPONENT_56_SLOT_RECONCILIATION.md
ComponentType,3,10_ROBLOX_LUAU_REFERENCE.md; 29_NATIVE_THRUSTER_OPERATOR_RECOVERY.md; 31_COMPONENT_56_SLOT_RECONCILIATION.md
config.json,6,00_DEFINITIVE_ORIGINAL_JAR.md; DEFINITIVE_VALUES/NATIVE_CONFIGURATION_RESOLUTION.md
continue,1,10_ROBLOX_LUAU_REFERENCE.md
cqb,1,19_RAW_PHYSICS_OPERATOR_RECOVERY.md
cqb.a,1,19_RAW_PHYSICS_OPERATOR_RECOVERY.md
cqb.a(...),1,19_RAW_PHYSICS_OPERATOR_RECOVERY.md
CRIT_MULT,1,02_BASELINE_GAMEPLAY_LOOP.md
d,1,01_GAME_STRUCTURE_INVENTORY.md
d/e,1,19_RAW_PHYSICS_OPERATOR_RECOVERY.md
d[],1,01_GAME_STRUCTURE_INVENTORY.md
DA(...),1,21_NATIVE_DEBRIS_LAUNCH_MAPPING.md
debris.o,1,19_RAW_PHYSICS_OPERATOR_RECOVERY.md
debris.o = parent.o,1,19_RAW_PHYSICS_OPERATOR_RECOVERY.md
debris.p,1,19_RAW_PHYSICS_OPERATOR_RECOVERY.md
debris.p = parent.p,1,19_RAW_PHYSICS_OPERATOR_RECOVERY.md
debris.t,1,19_RAW_PHYSICS_OPERATOR_RECOVERY.md
debris.t = parent.t,1,19_RAW_PHYSICS_OPERATOR_RECOVERY.md
DEBRIS_CARRY_OVER,1,01_GAME_STRUCTURE_INVENTORY.md
DEBRIS_COLLISION_DAMAGE,1,01_GAME_STRUCTURE_INVENTORY.md
DEBRIS_DETACHMENT_FORCE_MULTIPLIER,1,01_GAME_STRUCTURE_INVENTORY.md
DEBRIS_DETACHMENT_FORCE_MULTIPLIER = 256,1,33_NATIVE_PHYSICS_CONFIG_RECONCILIATION.md
DECOMPILED_SOURCE/,1,ORIGINAL_JAR/PREPROCESSING_01_06/DECOMPILER_HANDOFF.md
DECOMPILER_METADATA.md,1,ORIGINAL_JAR/PREPROCESSING_01_06/DECOMPILED_SOURCE_HANDOFF.md
DEFINITIVE_VALUES/,2,00_SOURCE_INDEX.md; FORENSIC_README.md
DEFINITIVE_VALUES/component_56_slots.csv,1,00_DEFINITIVE_ORIGINAL_JAR.md
DEFINITIVE_VALUES/native_configuration_values.csv,1,00_DEFINITIVE_ORIGINAL_JAR.md
DEFINITIVE_VALUES/README.md,1,00_DEFINITIVE_ORIGINAL_JAR.md
delay,1,10_ROBLOX_LUAU_REFERENCE.md
docs: add native 56-slot component reconciliation ledger,1,31_COMPONENT_56_SLOT_RECONCILIATION.md
docs: document native weapon parameter contract,1,34_NATIVE_WEAPON_PARAMETER_CONTRACT.md
e,2,01_GAME_STRUCTURE_INVENTORY.md
e.g,1,DEFINITIVE_VALUES/JAR_SEMANTIC_DOMAIN_MAP.md
ecb,1,19_RAW_PHYSICS_OPERATOR_RECOVERY.md
ecb.a,5,19_RAW_PHYSICS_OPERATOR_RECOVERY.md
ecb.java,4,19_RAW_PHYSICS_OPERATOR_RECOVERY.md; 21_NATIVE_DEBRIS_LAUNCH_MAPPING.md
ef32740a0286697b09f07616c71b61d0265bde5c,1,22_MISSION_FRAMEWORK_MIGRATION.md
EMP,1,01_GAME_STRUCTURE_INVENTORY.md
enb.c,2,29_NATIVE_THRUSTER_OPERATOR_RECOVERY.md
enb.java,4,29_NATIVE_THRUSTER_OPERATOR_RECOVERY.md
Energy,1,01_GAME_STRUCTURE_INVENTORY.md
eo.java,2,00_RAW_FORENSIC_REFERENCE.md
eo.o,1,00_RAW_FORENSIC_REFERENCE.md
eo.o[],1,00_RAW_FORENSIC_REFERENCE.md
eu,1,30_NATIVE_THRUSTER_BINDING_RECOVERY.md
eu.a,5,29_NATIVE_THRUSTER_OPERATOR_RECOVERY.md; 30_NATIVE_THRUSTER_BINDING_RECOVERY.md
eu.a(),1,29_NATIVE_THRUSTER_OPERATOR_RECOVERY.md
eu.a(angle),1,30_NATIVE_THRUSTER_BINDING_RECOVERY.md
eu.java,5,29_NATIVE_THRUSTER_OPERATOR_RECOVERY.md; 30_NATIVE_THRUSTER_BINDING_RECOVERY.md
ExampleService.__index,1,10_ROBLOX_LUAU_REFERENCE.md
ExampleService.new,1,10_ROBLOX_LUAU_REFERENCE.md
Explosive,1,01_GAME_STRUCTURE_INVENTORY.md
EXTRACTED,1,00_SOURCE_INDEX.md
EXTRACTED / IMPLEMENTED / PARTIAL,1,33_NATIVE_PHYSICS_CONFIG_RECONCILIATION.md
F,1,01_GAME_STRUCTURE_INVENTORY.md
f,1,01_GAME_STRUCTURE_INVENTORY.md
f += t / divisor,1,35_JAR_BYTECODE_PHYSICS_VERIFICATION.md
f += t / n3,1,19_RAW_PHYSICS_OPERATOR_RECOVERY.md
f[],1,01_GAME_STRUCTURE_INVENTORY.md
fbe5e996062a756fbfaabc58695848b758a320a4,1,22_MISSION_FRAMEWORK_MIGRATION.md
fc,1,30_NATIVE_THRUSTER_BINDING_RECOVERY.md
fc.a,5,29_NATIVE_THRUSTER_OPERATOR_RECOVERY.md; 30_NATIVE_THRUSTER_BINDING_RECOVERY.md
fc.a(),1,29_NATIVE_THRUSTER_OPERATOR_RECOVERY.md
fc.a(angle),1,30_NATIVE_THRUSTER_BINDING_RECOVERY.md
fc.java,5,29_NATIVE_THRUSTER_OPERATOR_RECOVERY.md; 30_NATIVE_THRUSTER_BINDING_RECOVERY.md
fcb,1,DEFINITIVE_VALUES/JAR_SEMANTIC_DOMAIN_MAP.md
FIELD_INDEX.tsv,2,ORIGINAL_JAR/PREPROCESSING_01_06/INDEX/INDEX_MANIFEST.md; ORIGINAL_JAR/PREPROCESSING_01_06/INDEX/SOURCE_EVIDENCE_LEDGER.md
FIELD_REFERENCE_INDEX.tsv,2,ORIGINAL_JAR/PREPROCESSING_01_06/INDEX/INDEX_MANIFEST.md; ORIGINAL_JAR/PREPROCESSING_01_06/INDEX/SOURCE_EVIDENCE_LEDGER.md
finaloutline,2,35_JAR_BYTECODE_PHYSICS_VERIFICATION.md
finalX * mass >> 4,1,35_JAR_BYTECODE_PHYSICS_VERIFICATION.md
finalY * mass >> 4,1,35_JAR_BYTECODE_PHYSICS_VERIFICATION.md
FindFirstChild,1,10_ROBLOX_LUAU_REFERENCE.md
fnb.a,1,31_COMPONENT_56_SLOT_RECONCILIATION.md
fnb.a/fnb.b,1,31_COMPONENT_56_SLOT_RECONCILIATION.md
fnb.b,1,31_COMPONENT_56_SLOT_RECONCILIATION.md
FORENSIC_MASTER.md,12,00_FORENSIC_ENGINEER_BLUEPRINT.md; 00_SOURCE_INDEX.md; FORENSIC_README.md
FORENSIC_README.md,2,00_SOURCE_INDEX.md
FORENSIC_VARIABLE_REGISTRY.csv,6,00_SOURCE_INDEX.md; FORENSIC_README.md
ForensicDataModel,1,01_GAME_STRUCTURE_INVENTORY.md
ForensicDataModel.luau,2,01_GAME_STRUCTURE_INVENTORY.md
FULL_JAR_ANALYSIS.md,3,33_NATIVE_PHYSICS_CONFIG_RECONCILIATION.md; DEFINITIVE_VALUES/FULL_JAR_ANALYSIS.md
g[],1,01_GAME_STRUCTURE_INVENTORY.md
game.ReplicatedStorage.Shared.Combat,2,01_GAME_STRUCTURE_INVENTORY.md
game.ReplicatedStorage.Shared.Physics,2,01_GAME_STRUCTURE_INVENTORY.md
game.ReplicatedStorage.VOIDA_Network.Events,2,03_NETWORK_RPC_MANIFEST.md
game.ReplicatedStorage.VOIDA_Network.Functions,2,03_NETWORK_RPC_MANIFEST.md
game.ServerScriptService,2,01_GAME_STRUCTURE_INVENTORY.md
game.StarterPlayer.StarterPlayerScripts,2,01_GAME_STRUCTURE_INVENTORY.md
gamecrc,1,00_DEFINITIVE_ORIGINAL_JAR.md
gamepackHash,1,00_DEFINITIVE_ORIGINAL_JAR.md
ge.<clinit>,1,35_JAR_BYTECODE_PHYSICS_VERIFICATION.md
ge.c,7,19_RAW_PHYSICS_OPERATOR_RECOVERY.md; 21_NATIVE_DEBRIS_LAUNCH_MAPPING.md; 35_JAR_BYTECODE_PHYSICS_VERIFICATION.md
ge.c = 4,3,21_NATIVE_DEBRIS_LAUNCH_MAPPING.md; 35_JAR_BYTECODE_PHYSICS_VERIFICATION.md
ge.java,2,21_NATIVE_DEBRIS_LAUNCH_MAPPING.md
gla,1,DEFINITIVE_VALUES/JAR_SEMANTIC_DOMAIN_MAP.md
GLOBAL_DMG_MULT,1,02_BASELINE_GAMEPLAY_LOOP.md
grb,1,DEFINITIVE_VALUES/JAR_SEMANTIC_DOMAIN_MAP.md
h,2,01_GAME_STRUCTURE_INVENTORY.md
h += o / divisor,1,35_JAR_BYTECODE_PHYSICS_VERIFICATION.md
h += o / n3,1,19_RAW_PHYSICS_OPERATOR_RECOVERY.md
hab.g,7,00_RAW_FORENSIC_REFERENCE.md; 01_GAME_STRUCTURE_INVENTORY.md; 31_COMPONENT_56_SLOT_RECONCILIATION.md
hab.g = new wfb[56],2,00_RAW_FORENSIC_REFERENCE.md; 31_COMPONENT_56_SLOT_RECONCILIATION.md
hab.g[56],1,01_GAME_STRUCTURE_INVENTORY.md
hab.java,2,00_RAW_FORENSIC_REFERENCE.md
hob,1,19_RAW_PHYSICS_OPERATOR_RECOVERY.md
hob.a,5,19_RAW_PHYSICS_OPERATOR_RECOVERY.md; 21_NATIVE_DEBRIS_LAUNCH_MAPPING.md
hob.a(...),1,21_NATIVE_DEBRIS_LAUNCH_MAPPING.md
"hob.a(random,200,118)",1,19_RAW_PHYSICS_OPERATOR_RECOVERY.md
hob.java,4,19_RAW_PHYSICS_OPERATOR_RECOVERY.md; 21_NATIVE_DEBRIS_LAUNCH_MAPPING.md
i,3,01_GAME_STRUCTURE_INVENTORY.md; DEFINITIVE_VALUES/NATIVE_COMPONENT_HP_OPERATOR.md
I_FRAME_DURATION,1,02_BASELINE_GAMEPLAY_LOOP.md
ik,3,DEFINITIVE_VALUES/235_NATIVE_DEFAULTS_ATTESTATION.md; DEFINITIVE_VALUES/FULL_JAR_ANALYSIS.md; DEFINITIVE_VALUES/JAR_SEMANTIC_DOMAIN_MAP.md
ik.a,2,DEFINITIVE_VALUES/235_NATIVE_DEFAULTS_ATTESTATION.md
ik.a(-21049),1,DEFINITIVE_VALUES/235_NATIVE_DEFAULTS_ATTESTATION.md
ik.a(...),1,DEFINITIVE_VALUES/235_NATIVE_DEFAULTS_ATTESTATION.md
ik.java,4,DEFINITIVE_VALUES/235_NATIVE_DEFAULTS_ATTESTATION.md; DEFINITIVE_VALUES/full_jar_semantic_census.md
IMPLEMENTED,2,00_SOURCE_INDEX.md; 10_ROBLOX_LUAU_REFERENCE.md
IMPLEMENTED / PARTIAL,2,19_RAW_PHYSICS_OPERATOR_RECOVERY.md; 21_NATIVE_DEBRIS_LAUNCH_MAPPING.md
InConnectCount,1,26_COMPONENT_DEFINITION_VALIDATION.md
InConnectPositions,1,26_COMPONENT_DEFINITION_VALIDATION.md
INDEX/CLASS_INDEX.tsv,1,01_GAME_STRUCTURE_INVENTORY.md
instance.Name,1,10_ROBLOX_LUAU_REFERENCE.md
int[235],1,DEFINITIVE_VALUES/235_NATIVE_DEFAULTS_ATTESTATION.md
Integer.MAX_VALUE,3,35_JAR_BYTECODE_PHYSICS_VERIFICATION.md; DEFINITIVE_VALUES/NATIVE_COMPONENT_HP_OPERATOR.md
INTERMISSION_SEC,1,02_BASELINE_GAMEPLAY_LOOP.md
internalName=voidhunters,2,00_DEFINITIVE_ORIGINAL_JAR.md; DEFINITIVE_VALUES/NATIVE_CONFIGURATION_RESOLUTION.md
ipairs,1,10_ROBLOX_LUAU_REFERENCE.md
j,2,01_GAME_STRUCTURE_INVENTORY.md
JAR_CENSUS.md,4,DEFINITIVE_VALUES/FULL_JAR_ANALYSIS.md; DEFINITIVE_VALUES/RAW_CENSUS_PROVENANCE.md
JAR_CENSUS_STATS.json,2,DEFINITIVE_VALUES/FULL_JAR_ANALYSIS.md
JAR_SEMANTIC_CLASS_INDEX.csv,4,DEFINITIVE_VALUES/FULL_JAR_ANALYSIS.md; DEFINITIVE_VALUES/RAW_CENSUS_PROVENANCE.md
JAR_SEMANTIC_DOMAIN_MAP.md,4,DEFINITIVE_VALUES/FULL_JAR_ANALYSIS.md; DEFINITIVE_VALUES/RAW_CENSUS_PROVENANCE.md
java_full.txt,6,30_BLOCKED_SHIELD_FORENSICS.md; 34_NATIVE_WEAPON_PARAMETER_CONTRACT.md
javap,1,ORIGINAL_JAR/PREPROCESSING_01_06/INDEX/SOURCE_EVIDENCE_LEDGER.md
javap -c -p,2,35_JAR_BYTECODE_PHYSICS_VERIFICATION.md
javap -c -p -s -constants,1,ORIGINAL_JAR/PREPROCESSING_01_06/README.md
javap-all.txt,3,ORIGINAL_JAR/PREPROCESSING_01_06/DECOMPILER_HANDOFF.md; ORIGINAL_JAR/PREPROCESSING_01_06/README.md; ORIGINAL_JAR/PREPROCESSING_01_06/STEP_01_06_MANIFEST.md
javap-targeted/,2,ORIGINAL_JAR/PREPROCESSING_01_06/README.md; ORIGINAL_JAR/PREPROCESSING_01_06/STEP_01_06_MANIFEST.md
jk.java,4,DEFINITIVE_VALUES/235_NATIVE_DEFAULTS_ATTESTATION.md; DEFINITIVE_VALUES/full_jar_semantic_census.md
JUMP_HEIGHT,1,02_BASELINE_GAMEPLAY_LOOP.md
k,2,01_GAME_STRUCTURE_INVENTORY.md
kga,3,DEFINITIVE_VALUES/235_NATIVE_DEFAULTS_ATTESTATION.md; DEFINITIVE_VALUES/FULL_JAR_ANALYSIS.md; DEFINITIVE_VALUES/JAR_SEMANTIC_DOMAIN_MAP.md
kga.a,1,DEFINITIVE_VALUES/235_NATIVE_DEFAULTS_ATTESTATION.md
"kga.a(107, sp.p)",1,DEFINITIVE_VALUES/235_NATIVE_DEFAULTS_ATTESTATION.md
kga.java,4,DEFINITIVE_VALUES/235_NATIVE_DEFAULTS_ATTESTATION.md; DEFINITIVE_VALUES/full_jar_semantic_census.md
Kinetic,1,01_GAME_STRUCTURE_INVENTORY.md
kra,2,29_NATIVE_THRUSTER_OPERATOR_RECOVERY.md
kra.a,5,29_NATIVE_THRUSTER_OPERATOR_RECOVERY.md; 30_NATIVE_THRUSTER_BINDING_RECOVERY.md
kra.a[],4,29_NATIVE_THRUSTER_OPERATOR_RECOVERY.md; 30_NATIVE_THRUSTER_BINDING_RECOVERY.md
kra.java,5,29_NATIVE_THRUSTER_OPERATOR_RECOVERY.md; 30_NATIVE_THRUSTER_BINDING_RECOVERY.md
l,1,01_GAME_STRUCTURE_INVENTORY.md
l = 50,2,DEFINITIVE_VALUES/235_NATIVE_DEFAULTS_ATTESTATION.md
"LaunchScale * DebrisProperty / max(OffsetLength, 1)",1,21_NATIVE_DEBRIS_LAUNCH_MAPPING.md
LOBBY_DURATION_SEC,1,02_BASELINE_GAMEPLAY_LOOP.md
lw.a,3,00_RAW_FORENSIC_REFERENCE.md; 19_RAW_PHYSICS_OPERATOR_RECOVERY.md; DEFINITIVE_VALUES/NATIVE_COMPONENT_HP_OPERATOR.md
"lw.a(..., u) * z",1,00_RAW_FORENSIC_REFERENCE.md
lw.java,4,00_RAW_FORENSIC_REFERENCE.md
m,3,01_GAME_STRUCTURE_INVENTORY.md; 19_RAW_PHYSICS_OPERATOR_RECOVERY.md
mainClass=VoidHunters,1,DEFINITIVE_VALUES/NATIVE_CONFIGURATION_RESOLUTION.md
mass,1,35_JAR_BYTECODE_PHYSICS_VERIFICATION.md
MatchState,1,04_DIRECTIVES_AND_CHANGELOG.md
MatchState.luau,2,01_GAME_STRUCTURE_INVENTORY.md
math.clamp,2,10_ROBLOX_LUAU_REFERENCE.md
math.huge,2,10_ROBLOX_LUAU_REFERENCE.md
METHOD_INDEX.tsv,3,ORIGINAL_JAR/PREPROCESSING_01_06/DECOMPILED_SOURCE_HANDOFF.md; ORIGINAL_JAR/PREPROCESSING_01_06/INDEX/INDEX_MANIFEST.md; ORIGINAL_JAR/PREPROCESSING_01_06/INDEX/SOURCE_EVIDENCE_LEDGER.md
METHOD_REFERENCE_INDEX.tsv,2,ORIGINAL_JAR/PREPROCESSING_01_06/INDEX/INDEX_MANIFEST.md; ORIGINAL_JAR/PREPROCESSING_01_06/INDEX/SOURCE_EVIDENCE_LEDGER.md
mfa,2,DEFINITIVE_VALUES/NATIVE_CONFIGURATION_RESOLUTION.md
mib,2,DEFINITIVE_VALUES/NATIVE_CONFIGURATION_RESOLUTION.md
Mission,1,DEFINITIVE_VALUES/FULL_JAR_ANALYSIS.md
MISSION_SYMBOL_AND_STATE_NOTES.md,2,DEFINITIVE_VALUES/FULL_JAR_ANALYSIS.md
MISSION_SYMBOL_INDEX.md,4,00_SOURCE_INDEX.md; 22_MISSION_FRAMEWORK_MIGRATION.md
MissionActionService,2,22_MISSION_FRAMEWORK_MIGRATION.md
MissionActionService.luau,1,MISSION_SYMBOL_INDEX.md
MissionConditionService,2,22_MISSION_FRAMEWORK_MIGRATION.md
MissionConditionService.luau,1,MISSION_SYMBOL_INDEX.md
MissionDefinition,1,22_MISSION_FRAMEWORK_MIGRATION.md
MissionService,2,22_MISSION_FRAMEWORK_MIGRATION.md
MissionService.luau,1,MISSION_SYMBOL_INDEX.md
MissionState,1,DEFINITIVE_VALUES/FULL_JAR_ANALYSIS.md
MissionTypes,1,22_MISSION_FRAMEWORK_MIGRATION.md
MissionTypes.luau,1,MISSION_SYMBOL_INDEX.md
ml,6,00_RAW_FORENSIC_REFERENCE.md; 30_NATIVE_THRUSTER_BINDING_RECOVERY.md; DEFINITIVE_VALUES/FULL_JAR_ANALYSIS.md; DEFINITIVE_VALUES/JAR_SEMANTIC_DOMAIN_MAP.md
ml.a,4,35_JAR_BYTECODE_PHYSICS_VERIFICATION.md
"ml.a(byte,int[])",2,35_JAR_BYTECODE_PHYSICS_VERIFICATION.md
"ml.a(int,int,int)",2,35_JAR_BYTECODE_PHYSICS_VERIFICATION.md
ml.DA,8,19_RAW_PHYSICS_OPERATOR_RECOVERY.md
ml.DA(...),2,19_RAW_PHYSICS_OPERATOR_RECOVERY.md
ml.e,2,35_JAR_BYTECODE_PHYSICS_VERIFICATION.md
ml.e(-86),1,35_JAR_BYTECODE_PHYSICS_VERIFICATION.md
ml.e(byte),1,35_JAR_BYTECODE_PHYSICS_VERIFICATION.md
ml.java,17,00_RAW_FORENSIC_REFERENCE.md; 01_GAME_STRUCTURE_INVENTORY.md; 19_RAW_PHYSICS_OPERATOR_RECOVERY.md; 21_NATIVE_DEBRIS_LAUNCH_MAPPING.md; 29_NATIVE_THRUSTER_OPERATOR_RECOVERY.md; 30_NATIVE_THRUSTER_BINDING_RECOVERY.md
ml.MC,3,30_NATIVE_THRUSTER_BINDING_RECOVERY.md
ml.MC(),3,30_NATIVE_THRUSTER_BINDING_RECOVERY.md
ml.VA,5,29_NATIVE_THRUSTER_OPERATOR_RECOVERY.md; 30_NATIVE_THRUSTER_BINDING_RECOVERY.md
ml.VA(),5,29_NATIVE_THRUSTER_OPERATOR_RECOVERY.md; 30_NATIVE_THRUSTER_BINDING_RECOVERY.md
Model,1,10_ROBLOX_LUAU_REFERENCE.md
model.PrimaryPart,1,10_ROBLOX_LUAU_REFERENCE.md
Model:PivotTo,1,10_ROBLOX_LUAU_REFERENCE.md
MOMENT_OF_INERTIA_PERPOINT_CALC_DOWNSHIFT = 8,1,33_NATIVE_PHYSICS_CONFIG_RECONCILIATION.md
MOMENT_OF_INERTIA_PREDIVIDE_DOWNSHIFT = 12,1,33_NATIVE_PHYSICS_CONFIG_RECONCILIATION.md
n,3,01_GAME_STRUCTURE_INVENTORY.md; 19_RAW_PHYSICS_OPERATOR_RECOVERY.md
n += angularDelta,1,35_JAR_BYTECODE_PHYSICS_VERIFICATION.md
n10 < 0 && n9 < -128,1,30_NATIVE_THRUSTER_BINDING_RECOVERY.md
n10 > 1 && n9 > 128,1,30_NATIVE_THRUSTER_BINDING_RECOVERY.md
n15 < 0,1,30_NATIVE_THRUSTER_BINDING_RECOVERY.md
n15 >= 0,1,30_NATIVE_THRUSTER_BINDING_RECOVERY.md
n2,2,21_NATIVE_DEBRIS_LAUNCH_MAPPING.md
"n2 * debrisProperty / max(offsetLength, 1)",1,21_NATIVE_DEBRIS_LAUNCH_MAPPING.md
n3/n4,1,19_RAW_PHYSICS_OPERATOR_RECOVERY.md
n4,1,19_RAW_PHYSICS_OPERATOR_RECOVERY.md
n4 = n2 * nbb.e(false) / n6,1,19_RAW_PHYSICS_OPERATOR_RECOVERY.md
"n5 = ecb.a(n7, (byte)-77, n8)",1,19_RAW_PHYSICS_OPERATOR_RECOVERY.md
n6 < 0 && n5 < -128,1,30_NATIVE_THRUSTER_BINDING_RECOVERY.md
n6 = 1,1,19_RAW_PHYSICS_OPERATOR_RECOVERY.md
"n6 = ar.a(n8, (byte)110, n7)",1,19_RAW_PHYSICS_OPERATOR_RECOVERY.md
n6 > 0 && n5 > 128,1,30_NATIVE_THRUSTER_BINDING_RECOVERY.md
n7 = nbb.g((byte)126) - this.n,1,19_RAW_PHYSICS_OPERATOR_RECOVERY.md
n8 = nbb.d(false) - this.r,1,19_RAW_PHYSICS_OPERATOR_RECOVERY.md
native_class_inventory.csv,4,DEFINITIVE_VALUES/FULL_JAR_ANALYSIS.md; DEFINITIVE_VALUES/RAW_CENSUS_PROVENANCE.md
native_configuration_values.csv,22,00_DEFINITIVE_ORIGINAL_JAR.md; 33_NATIVE_PHYSICS_CONFIG_RECONCILIATION.md; DEFINITIVE_VALUES/235_NATIVE_DEFAULTS_ATTESTATION.md; DEFINITIVE_VALUES/FULL_JAR_ANALYSIS.md; DEFINITIVE_VALUES/JAR_CENSUS.md; DEFINITIVE_VALUES/JAR_SEMANTIC_DOMAIN_MAP.md; DEFINITIVE_VALUES/NATIVE_CONFIGURATION_RESOLUTION.md; DEFINITIVE_VALUES/RAW_CENSUS_PROVENANCE.md; DEFINITIVE_VALUES/README.md
NativeDebrisPhysics,1,21_NATIVE_DEBRIS_LAUNCH_MAPPING.md
NativeDebrisPhysics.luau,1,21_NATIVE_DEBRIS_LAUNCH_MAPPING.md
nativeMagnitude,1,29_NATIVE_THRUSTER_OPERATOR_RECOVERY.md
NativeThrusterOperator,1,29_NATIVE_THRUSTER_OPERATOR_RECOVERY.md
NativeThrusterOperator.luau,3,29_NATIVE_THRUSTER_OPERATOR_RECOVERY.md; 30_NATIVE_THRUSTER_BINDING_RECOVERY.md
NativeTrigTable.luau,7,29_NATIVE_THRUSTER_OPERATOR_RECOVERY.md; 30_NATIVE_THRUSTER_BINDING_RECOVERY.md
NativeWeaponConfig.luau,1,34_NATIVE_WEAPON_PARAMETER_CONTRACT.md
nbb,5,19_RAW_PHYSICS_OPERATOR_RECOVERY.md; DEFINITIVE_VALUES/FULL_JAR_ANALYSIS.md; DEFINITIVE_VALUES/JAR_SEMANTIC_DOMAIN_MAP.md
nbb.d,1,19_RAW_PHYSICS_OPERATOR_RECOVERY.md
nbb.e,2,19_RAW_PHYSICS_OPERATOR_RECOVERY.md; 21_NATIVE_DEBRIS_LAUNCH_MAPPING.md
nbb.e(false),1,21_NATIVE_DEBRIS_LAUNCH_MAPPING.md
nbb.G,5,19_RAW_PHYSICS_OPERATOR_RECOVERY.md
nbb.g,1,19_RAW_PHYSICS_OPERATOR_RECOVERY.md
nbb.G(...),1,19_RAW_PHYSICS_OPERATOR_RECOVERY.md
nbb.java,4,00_RAW_FORENSIC_REFERENCE.md; 19_RAW_PHYSICS_OPERATOR_RECOVERY.md
nbb2.a,1,19_RAW_PHYSICS_OPERATOR_RECOVERY.md
"nbb2.a(this.n, <launch-angle>, this.r, n4, 1948934248)",1,19_RAW_PHYSICS_OPERATOR_RECOVERY.md
nbb2.f,1,19_RAW_PHYSICS_OPERATOR_RECOVERY.md
nbb2.f = anb2.f,1,19_RAW_PHYSICS_OPERATOR_RECOVERY.md
nbb2.h,1,19_RAW_PHYSICS_OPERATOR_RECOVERY.md
nbb2.h = anb2.h,1,19_RAW_PHYSICS_OPERATOR_RECOVERY.md
"new nbb(ml, false)",1,01_GAME_STRUCTURE_INVENTORY.md
Notification,1,03_NETWORK_RPC_MANIFEST.md
o,2,01_GAME_STRUCTURE_INVENTORY.md; 19_RAW_PHYSICS_OPERATOR_RECOVERY.md
o += n2,1,19_RAW_PHYSICS_OPERATOR_RECOVERY.md
oq.java,2,DEFINITIVE_VALUES/235_NATIVE_DEFAULTS_ATTESTATION.md
oq.l,1,DEFINITIVE_VALUES/235_NATIVE_DEFAULTS_ATTESTATION.md
oq.l = 50,1,DEFINITIVE_VALUES/235_NATIVE_DEFAULTS_ATTESTATION.md
original.jar,4,ORIGINAL_JAR/PREPROCESSING_01_06/INDEX/INDEX_MANIFEST.md; ORIGINAL_JAR/PREPROCESSING_01_06/INDEX/SOURCE_EVIDENCE_LEDGER.md; ORIGINAL_JAR/PREPROCESSING_01_06/README.md; ORIGINAL_JAR/PREPROCESSING_01_06/STEP_01_06_MANIFEST.md
ORIGINAL_DATA_VERIFIED,1,00_SOURCE_INDEX.md
ORIGINAL_JAR/,1,FORENSIC_README.md
ou.<clinit>,1,35_JAR_BYTECODE_PHYSICS_VERIFICATION.md
ou.r,2,35_JAR_BYTECODE_PHYSICS_VERIFICATION.md
ou.r = 8,2,35_JAR_BYTECODE_PHYSICS_VERIFICATION.md
OutConnectCount,1,26_COMPONENT_DEFINITION_VALIDATION.md
p,4,01_GAME_STRUCTURE_INVENTORY.md; 19_RAW_PHYSICS_OPERATOR_RECOVERY.md
p != 0,1,19_RAW_PHYSICS_OPERATOR_RECOVERY.md
"p / max(m >> wf.e, 1)",1,35_JAR_BYTECODE_PHYSICS_VERIFICATION.md
"p = lw.a(..., u) * z",1,19_RAW_PHYSICS_OPERATOR_RECOVERY.md
PACKAGE_INDEX.tsv,1,ORIGINAL_JAR/PREPROCESSING_01_06/INDEX/INDEX_MANIFEST.md
pairs,1,10_ROBLOX_LUAU_REFERENCE.md
parent.o,2,19_RAW_PHYSICS_OPERATOR_RECOVERY.md
parent.o = 0,1,19_RAW_PHYSICS_OPERATOR_RECOVERY.md
parent.p,2,19_RAW_PHYSICS_OPERATOR_RECOVERY.md
parent.p = 0,1,19_RAW_PHYSICS_OPERATOR_RECOVERY.md
parent.t,2,19_RAW_PHYSICS_OPERATOR_RECOVERY.md
parent.t = 0,1,19_RAW_PHYSICS_OPERATOR_RECOVERY.md
part.CFrame,1,10_ROBLOX_LUAU_REFERENCE.md
Part.Size,2,DEFINITIVE_VALUES/NATIVE_COMPONENT_HP_OPERATOR.md
partHealth,1,10_ROBLOX_LUAU_REFERENCE.md
partMaxHealth,1,10_ROBLOX_LUAU_REFERENCE.md
pe,1,00_RAW_FORENSIC_REFERENCE.md
physics: reconcile native configuration constants,1,33_NATIVE_PHYSICS_CONFIG_RECONCILIATION.md
PHYSICS_COLLISION_FORCE_MULTIPLIER = 4096,1,33_NATIVE_PHYSICS_CONFIG_RECONCILIATION.md
PHYSICS_COLLISION_GRAPPLING_HOOK_FORCE_MULTIPLIER = 4096,1,33_NATIVE_PHYSICS_CONFIG_RECONCILIATION.md
PHYSICS_COLLISION_PHANTOM_FORCE_MULTIPLIER = 2048,1,33_NATIVE_PHYSICS_CONFIG_RECONCILIATION.md
PhysicsConfig.luau,5,29_NATIVE_THRUSTER_OPERATOR_RECOVERY.md; 33_NATIVE_PHYSICS_CONFIG_RECONCILIATION.md
PhysicsWorld,1,29_NATIVE_THRUSTER_OPERATOR_RECOVERY.md
pja,1,DEFINITIVE_VALUES/JAR_SEMANTIC_DOMAIN_MAP.md
player.CharacterAdded,1,10_ROBLOX_LUAU_REFERENCE.md
player.Parent,1,10_ROBLOX_LUAU_REFERENCE.md
PlayerAction,1,03_NETWORK_RPC_MANIFEST.md
pointMass * (dx² + dy²),1,35_JAR_BYTECODE_PHYSICS_VERIFICATION.md
"pointMass = componentMass / max(vertexCount, 1)",1,35_JAR_BYTECODE_PHYSICS_VERIFICATION.md
PointToObjectSpace,1,10_ROBLOX_LUAU_REFERENCE.md
PREPROCESSING_01_06/DECOMPILED_SOURCE/,1,01_GAME_STRUCTURE_INVENTORY.md
PurchaseItem,1,03_NETWORK_RPC_MANIFEST.md
pwa.b,2,29_NATIVE_THRUSTER_OPERATOR_RECOVERY.md
pwa.java,4,29_NATIVE_THRUSTER_OPERATOR_RECOVERY.md
q,1,01_GAME_STRUCTURE_INVENTORY.md
q[],1,01_GAME_STRUCTURE_INVENTORY.md
qb,5,DEFINITIVE_VALUES/FULL_JAR_ANALYSIS.md; DEFINITIVE_VALUES/JAR_SEMANTIC_DOMAIN_MAP.md; DEFINITIVE_VALUES/NATIVE_CONFIGURATION_RESOLUTION.md; DEFINITIVE_VALUES/README.md
qb.a,5,00_DEFINITIVE_ORIGINAL_JAR.md; DEFINITIVE_VALUES/NATIVE_COMPONENT_HP_OPERATOR.md; DEFINITIVE_VALUES/NATIVE_CONFIGURATION_RESOLUTION.md; DEFINITIVE_VALUES/README.md
qb.a[],5,00_DEFINITIVE_ORIGINAL_JAR.md; DEFINITIVE_VALUES/NATIVE_COMPONENT_HP_OPERATOR.md; DEFINITIVE_VALUES/NATIVE_CONFIGURATION_RESOLUTION.md; DEFINITIVE_VALUES/README.md
qb.java,6,DEFINITIVE_VALUES/235_NATIVE_DEFAULTS_ATTESTATION.md; DEFINITIVE_VALUES/README.md; DEFINITIVE_VALUES/full_jar_semantic_census.md
r,2,01_GAME_STRUCTURE_INVENTORY.md
RAW-DIRECT,1,00_RAW_FORENSIC_REFERENCE.md
RAW-GAP,8,00_RAW_FORENSIC_REFERENCE.md; 00_SOURCE_INDEX.md; 19_RAW_PHYSICS_OPERATOR_RECOVERY.md; 29_NATIVE_THRUSTER_OPERATOR_RECOVERY.md; 33_NATIVE_PHYSICS_CONFIG_RECONCILIATION.md
RAW-STRUCTURED,1,00_RAW_FORENSIC_REFERENCE.md
RAW_CENSUS_PROVENANCE.md,2,DEFINITIVE_VALUES/FULL_JAR_ANALYSIS.md
Raycast,1,10_ROBLOX_LUAU_REFERENCE.md
README.md,1,00_DEFINITIVE_ORIGINAL_JAR.md
relevant-classes.txt,2,ORIGINAL_JAR/PREPROCESSING_01_06/README.md; ORIGINAL_JAR/PREPROCESSING_01_06/STEP_01_06_MANIFEST.md
ReplicatedStorage,1,02_BASELINE_GAMEPLAY_LOOP.md
ReplicatedStorage.Shared,1,10_ROBLOX_LUAU_REFERENCE.md
ReplicatedStorage.Shared.Combat.TeamIdentity,1,10_ROBLOX_LUAU_REFERENCE.md
ReplicatedStorage.VoidHunterComponents,1,10_ROBLOX_LUAU_REFERENCE.md
ReplicatedStorage/Shared/Combat/ShieldSystem.luau,1,30_BLOCKED_SHIELD_FORENSICS.md
ReplicatedStorage/VoidHunterComponents.luau,1,26_COMPONENT_DEFINITION_VALIDATION.md
RequestPlayerData,1,03_NETWORK_RPC_MANIFEST.md
RESPAWN_DELAY_SEC,1,02_BASELINE_GAMEPLAY_LOOP.md
RigidBody2D,8,04_DIRECTIVES_AND_CHANGELOG.md; 19_RAW_PHYSICS_OPERATOR_RECOVERY.md; 29_NATIVE_THRUSTER_OPERATOR_RECOVERY.md; 33_NATIVE_PHYSICS_CONFIG_RECONCILIATION.md; 35_JAR_BYTECODE_PHYSICS_VERIFICATION.md
RigidBody2D.luau,6,01_GAME_STRUCTURE_INVENTORY.md; 29_NATIVE_THRUSTER_OPERATOR_RECOVERY.md; 30_NATIVE_THRUSTER_BINDING_RECOVERY.md
ROBLOX-MAPPING,3,00_RAW_FORENSIC_REFERENCE.md; 33_NATIVE_PHYSICS_CONFIG_RECONCILIATION.md
root.CFrame,2,10_ROBLOX_LUAU_REFERENCE.md
round(65536 * sin(pi*i/4096)),1,30_NATIVE_THRUSTER_BINDING_RECOVERY.md
ROUND_DURATION_SEC,1,02_BASELINE_GAMEPLAY_LOOP.md
rrb,1,19_RAW_PHYSICS_OPERATOR_RECOVERY.md
rrb.a,7,19_RAW_PHYSICS_OPERATOR_RECOVERY.md; 21_NATIVE_DEBRIS_LAUNCH_MAPPING.md; 29_NATIVE_THRUSTER_OPERATOR_RECOVERY.md
rrb.a(...),1,21_NATIVE_DEBRIS_LAUNCH_MAPPING.md
"rrb.a(22433, -100 + (n5 + hob.a(random, 200, 118)))",1,19_RAW_PHYSICS_OPERATOR_RECOVERY.md
"rrb.a(22433, angle)",1,29_NATIVE_THRUSTER_OPERATOR_RECOVERY.md
rrb.java,9,19_RAW_PHYSICS_OPERATOR_RECOVERY.md; 21_NATIVE_DEBRIS_LAUNCH_MAPPING.md; 29_NATIVE_THRUSTER_OPERATOR_RECOVERY.md; 30_NATIVE_THRUSTER_BINDING_RECOVERY.md
RUNTIME_RESOLVED_NOT_EMBEDDED,1,DEFINITIVE_VALUES/README.md
s,1,01_GAME_STRUCTURE_INVENTORY.md
ServerScriptService,1,02_BASELINE_GAMEPLAY_LOOP.md
sg,4,DEFINITIVE_VALUES/FULL_JAR_ANALYSIS.md; DEFINITIVE_VALUES/JAR_SEMANTIC_DOMAIN_MAP.md
sg.java,2,00_RAW_FORENSIC_REFERENCE.md
SHA256.txt,3,ORIGINAL_JAR/PREPROCESSING_01_06/INDEX/SOURCE_EVIDENCE_LEDGER.md; ORIGINAL_JAR/PREPROCESSING_01_06/README.md
Shared/Physics/NativeDebrisPhysics.luau,1,21_NATIVE_DEBRIS_LAUNCH_MAPPING.md
Shared/Physics/PhysicsConfig.luau,1,33_NATIVE_PHYSICS_CONFIG_RECONCILIATION.md
Shared/Ship/ComponentDefinitionValidator.luau,1,26_COMPONENT_DEFINITION_VALIDATION.md
SHIELDS_DAMAGE_ENERGY_CONVERSION,1,30_BLOCKED_SHIELD_FORENSICS.md
SHIELDS_DIRECTIONAL_ARC,1,30_BLOCKED_SHIELD_FORENSICS.md
SHIELDS_DIRECTIONAL_IDLE_ENERGY_USAGE,1,30_BLOCKED_SHIELD_FORENSICS.md
SHIELDS_DIRECTIONAL_RADIUS,1,30_BLOCKED_SHIELD_FORENSICS.md
SHIELDS_TOGGLE_COOLDOWN,1,30_BLOCKED_SHIELD_FORENSICS.md
ShieldSystem,2,30_BLOCKED_SHIELD_FORENSICS.md
ShieldSystem.luau,3,01_GAME_STRUCTURE_INVENTORY.md; 30_BLOCKED_SHIELD_FORENSICS.md
ship.AncestryChanged,1,10_ROBLOX_LUAU_REFERENCE.md
ShipRegistry,3,10_ROBLOX_LUAU_REFERENCE.md; 22_MISSION_FRAMEWORK_MIGRATION.md
ShipRegistry.IsOwner,1,10_ROBLOX_LUAU_REFERENCE.md
ShipRegistry.UnregisterShip,1,10_ROBLOX_LUAU_REFERENCE.md
ShipSocketGraph,2,04_DIRECTIVES_AND_CHANGELOG.md; 26_COMPONENT_DEFINITION_VALIDATION.md
ShipSocketGraph.luau,2,01_GAME_STRUCTURE_INVENTORY.md
SIMULATION → PHYSICS → COMPONENTS → COMBAT → ...,1,33_NATIVE_PHYSICS_CONFIG_RECONCILIATION.md
sin/cos,1,29_NATIVE_THRUSTER_OPERATOR_RECOVERY.md
SOURCE -> OLD -> NEW -> TEST -> STATUS,1,00_RAW_FORENSIC_REFERENCE.md
SOURCE_MANIFEST.txt,4,DEFINITIVE_VALUES/FULL_JAR_ANALYSIS.md; DEFINITIVE_VALUES/RAW_CENSUS_PROVENANCE.md
source_status=ASSIGN,1,DEFINITIVE_VALUES/235_NATIVE_DEFAULTS_ATTESTATION.md
source_status=DECL,1,DEFINITIVE_VALUES/235_NATIVE_DEFAULTS_ATTESTATION.md
sp.p,3,DEFINITIVE_VALUES/235_NATIVE_DEFAULTS_ATTESTATION.md
spawn,1,10_ROBLOX_LUAU_REFERENCE.md
SPRINT_WALKSPEED,1,02_BASELINE_GAMEPLAY_LOOP.md
sqrt,1,DEFINITIVE_VALUES/JAR_CENSUS.md
sqrt(area) * z / 64,1,00_RAW_FORENSIC_REFERENCE.md
src/roblox/*,1,00_SOURCE_INDEX.md
src/roblox/ReplicatedStorage/Shared/Combat/NativeWeaponConfig.luau,1,34_NATIVE_WEAPON_PARAMETER_CONTRACT.md
src/roblox/ReplicatedStorage/Shared/Physics/NativeThrusterOperator.luau,1,29_NATIVE_THRUSTER_OPERATOR_RECOVERY.md
src/roblox/ReplicatedStorage/Shared/Physics/NativeTrigTable.luau,1,29_NATIVE_THRUSTER_OPERATOR_RECOVERY.md
src/roblox/ReplicatedStorage/Shared/Physics/ThrusterBindingSolver.luau,2,29_NATIVE_THRUSTER_OPERATOR_RECOVERY.md; 30_NATIVE_THRUSTER_BINDING_RECOVERY.md
src/roblox/ReplicatedStorage/VoidHunterComponents.luau,1,31_COMPONENT_56_SLOT_RECONCILIATION.md
STAMINA_DRAIN_SEC,1,02_BASELINE_GAMEPLAY_LOOP.md
STAMINA_RECOVERY_DELAY,1,02_BASELINE_GAMEPLAY_LOOP.md
StarterPlayerScripts,1,02_BASELINE_GAMEPLAY_LOOP.md
state.TypeName,1,10_ROBLOX_LUAU_REFERENCE.md
StateUpdate,1,03_NETWORK_RPC_MANIFEST.md
STRING_LITERAL_INDEX.txt,2,ORIGINAL_JAR/PREPROCESSING_01_06/INDEX/INDEX_MANIFEST.md; ORIGINAL_JAR/PREPROCESSING_01_06/INDEX/SOURCE_EVIDENCE_LEDGER.md
StructuralAuthority,12,04_DIRECTIVES_AND_CHANGELOG.md; 10_ROBLOX_LUAU_REFERENCE.md; 22_MISSION_FRAMEWORK_MIGRATION.md; 26_COMPONENT_DEFINITION_VALIDATION.md; 33_NATIVE_PHYSICS_CONFIG_RECONCILIATION.md
StructuralAuthority.AttachComponent,1,10_ROBLOX_LUAU_REFERENCE.md
StructuralAuthority.DetachComponent,3,10_ROBLOX_LUAU_REFERENCE.md
StructuralAuthority.ReplaceComponent,1,10_ROBLOX_LUAU_REFERENCE.md
StructuralAuthority.SeverDisconnected,1,10_ROBLOX_LUAU_REFERENCE.md
summary.txt,4,00_RAW_FORENSIC_REFERENCE.md
SUPERSEDED,1,00_SOURCE_INDEX.md
T,1,01_GAME_STRUCTURE_INVENTORY.md
t,1,19_RAW_PHYSICS_OPERATOR_RECOVERY.md
t += n5,1,19_RAW_PHYSICS_OPERATOR_RECOVERY.md
TAB,1,01_GAME_STRUCTURE_INVENTORY.md
table.clear,2,10_ROBLOX_LUAU_REFERENCE.md
table.clear(t),1,10_ROBLOX_LUAU_REFERENCE.md
task,1,10_ROBLOX_LUAU_REFERENCE.md
task.defer,1,10_ROBLOX_LUAU_REFERENCE.md
task.delay,1,10_ROBLOX_LUAU_REFERENCE.md
task.spawn,1,10_ROBLOX_LUAU_REFERENCE.md
task.wait,1,10_ROBLOX_LUAU_REFERENCE.md
TeamIdentity,7,04_DIRECTIVES_AND_CHANGELOG.md; 10_ROBLOX_LUAU_REFERENCE.md; 22_MISSION_FRAMEWORK_MIGRATION.md
TeamIdentity.BLUE,2,10_ROBLOX_LUAU_REFERENCE.md
TeamIdentity.Get,1,10_ROBLOX_LUAU_REFERENCE.md
TeamIdentity.Set,5,10_ROBLOX_LUAU_REFERENCE.md; 22_MISSION_FRAMEWORK_MIGRATION.md
TeamIdentity.YELLOW,3,10_ROBLOX_LUAU_REFERENCE.md
Thermal,1,01_GAME_STRUCTURE_INVENTORY.md
this.i,1,01_GAME_STRUCTURE_INVENTORY.md
this.i -= damage,1,01_GAME_STRUCTURE_INVENTORY.md
this.n,2,19_RAW_PHYSICS_OPERATOR_RECOVERY.md
this.r,2,19_RAW_PHYSICS_OPERATOR_RECOVERY.md
THRUSTER_BOOSTER_FORCE,1,29_NATIVE_THRUSTER_OPERATOR_RECOVERY.md
THRUSTER_BOOSTER_FORCE = 1024,1,33_NATIVE_PHYSICS_CONFIG_RECONCILIATION.md
thruster_count * force,1,29_NATIVE_THRUSTER_OPERATOR_RECOVERY.md
THRUSTER_FORCE,1,29_NATIVE_THRUSTER_OPERATOR_RECOVERY.md
THRUSTER_FORCE = 192,1,33_NATIVE_PHYSICS_CONFIG_RECONCILIATION.md
THRUSTER_SMALL_FORCE,1,29_NATIVE_THRUSTER_OPERATOR_RECOVERY.md
THRUSTER_SMALL_FORCE = 16,1,33_NATIVE_PHYSICS_CONFIG_RECONCILIATION.md
ThrusterBindingSolver,1,29_NATIVE_THRUSTER_OPERATOR_RECOVERY.md
ThrusterBindingSolver.luau,2,29_NATIVE_THRUSTER_OPERATOR_RECOVERY.md; 30_NATIVE_THRUSTER_BINDING_RECOVERY.md
TORQUE_DOWNSHIFT = 4,1,33_NATIVE_PHYSICS_CONFIG_RECONCILIATION.md
tr,1,DEFINITIVE_VALUES/FULL_JAR_ANALYSIS.md
tr.java,4,DEFINITIVE_VALUES/235_NATIVE_DEFAULTS_ATTESTATION.md; DEFINITIVE_VALUES/full_jar_semantic_census.md
tua.<clinit>,1,35_JAR_BYTECODE_PHYSICS_VERIFICATION.md
tua.a,6,19_RAW_PHYSICS_OPERATOR_RECOVERY.md; 21_NATIVE_DEBRIS_LAUNCH_MAPPING.md; 35_JAR_BYTECODE_PHYSICS_VERIFICATION.md
tua.a = 4,4,21_NATIVE_DEBRIS_LAUNCH_MAPPING.md; 35_JAR_BYTECODE_PHYSICS_VERIFICATION.md
tua.java,4,21_NATIVE_DEBRIS_LAUNCH_MAPPING.md
u,1,35_JAR_BYTECODE_PHYSICS_VERIFICATION.md
u += x_i * (y_prev - y_next),1,35_JAR_BYTECODE_PHYSICS_VERIFICATION.md
u /= 2,1,35_JAR_BYTECODE_PHYSICS_VERIFICATION.md
u = 0,1,35_JAR_BYTECODE_PHYSICS_VERIFICATION.md
uca,1,00_RAW_FORENSIC_REFERENCE.md
UNKNOWN,2,00_FORENSIC_ENGINEER_BLUEPRINT.md; 04_DIRECTIVES_AND_CHANGELOG.md
unpacked-classfiles.tar.gz,1,ORIGINAL_JAR/PREPROCESSING_01_06/STEP_01_06_MANIFEST.md
v,2,35_JAR_BYTECODE_PHYSICS_VERIFICATION.md; DEFINITIVE_VALUES/NATIVE_COMPONENT_HP_OPERATOR.md
v[],1,DEFINITIVE_VALUES/NATIVE_COMPONENT_HP_OPERATOR.md
VA(),1,29_NATIVE_THRUSTER_OPERATOR_RECOVERY.md
validated input → component state → binding classification → native force operator → RigidBody2D → integration → replication,1,30_NATIVE_THRUSTER_BINDING_RECOVERY.md
VectorForce,1,10_ROBLOX_LUAU_REFERENCE.md
VELOCITY_SUSTAIN = 508,1,33_NATIVE_PHYSICS_CONFIG_RECONCILIATION.md
VELOCITY_SUSTAIN_MAX = 512,1,33_NATIVE_PHYSICS_CONFIG_RECONCILIATION.md
VOID_HUNTERS_EXTRACTION_DIRECTIVES.md,2,34_NATIVE_WEAPON_PARAMETER_CONTRACT.md
VOID_HUNTERS_FORENSIC_ENGINEER_BLUEPRINT(2).md,1,00_FORENSIC_ENGINEER_BLUEPRINT.md
VOID_HUNTERS_FORENSIC_ENGINEER_BLUEPRINT.md,4,30_BLOCKED_SHIELD_FORENSICS.md; 31_COMPONENT_56_SLOT_RECONCILIATION.md
VOIDA/00_RAW_FORENSIC_REFERENCE.md,1,31_COMPONENT_56_SLOT_RECONCILIATION.md
VOIDA/05_FORENSIC_PORT_BLUEPRINT.md,1,00_FORENSIC_ENGINEER_BLUEPRINT.md
VOIDA/10_ROBLOX_LUAU_REFERENCE.md,1,00_FORENSIC_ENGINEER_BLUEPRINT.md
VOIDA/DEFINITIVE_VALUES/,1,00_SOURCE_INDEX.md
VOIDA/DEFINITIVE_VALUES/component_56_slots.csv,1,DEFINITIVE_VALUES/JAR_CENSUS.md
VOIDA/DEFINITIVE_VALUES/FULL_JAR_ANALYSIS.md,1,33_NATIVE_PHYSICS_CONFIG_RECONCILIATION.md
VOIDA/DEFINITIVE_VALUES/native_configuration_values.csv,3,33_NATIVE_PHYSICS_CONFIG_RECONCILIATION.md; DEFINITIVE_VALUES/235_NATIVE_DEFAULTS_ATTESTATION.md; DEFINITIVE_VALUES/JAR_CENSUS.md
VOIDA/FORENSIC_MASTER.md,2,00_FORENSIC_ENGINEER_BLUEPRINT.md; 00_SOURCE_INDEX.md
VOIDA/MISSION_SYMBOL_INDEX.md,2,22_MISSION_FRAMEWORK_MIGRATION.md
VOIDA/ORIGINAL_JAR/,1,00_SOURCE_INDEX.md
VOIDA/ORIGINAL_JAR/PREPROCESSING_01_06/,1,00_SOURCE_INDEX.md
VOIDA/ORIGINAL_JAR/PREPROCESSING_01_06/INDEX/,1,01_GAME_STRUCTURE_INVENTORY.md
VoidHunterArenaSpawner.luau,2,01_GAME_STRUCTURE_INVENTORY.md
VoidHunterComponents,1,31_COMPONENT_56_SLOT_RECONCILIATION.md
VoidHunterComponents.luau,4,26_COMPONENT_DEFINITION_VALIDATION.md; 31_COMPONENT_56_SLOT_RECONCILIATION.md
VoidHunterController.luau,2,01_GAME_STRUCTURE_INVENTORY.md
VoidHunterHUD.luau,2,01_GAME_STRUCTURE_INVENTORY.md
VoidHunterMatchManager,2,04_DIRECTIVES_AND_CHANGELOG.md; 22_MISSION_FRAMEWORK_MIGRATION.md
VoidHunterMatchManager.luau,2,01_GAME_STRUCTURE_INVENTORY.md
VoidHunterPvPSystems.luau,2,01_GAME_STRUCTURE_INVENTORY.md
VoidHunters,2,00_DEFINITIVE_ORIGINAL_JAR.md; 00_RAW_FORENSIC_REFERENCE.md
voidhunters,5,00_DEFINITIVE_ORIGINAL_JAR.md; DEFINITIVE_VALUES/235_NATIVE_DEFAULTS_ATTESTATION.md; DEFINITIVE_VALUES/FULL_JAR_ANALYSIS.md; DEFINITIVE_VALUES/NATIVE_COMPONENT_HP_OPERATOR.md; DEFINITIVE_VALUES/NATIVE_CONFIGURATION_RESOLUTION.md
voidhunters-original.jar,2,ORIGINAL_JAR/PREPROCESSING_01_06/README.md; ORIGINAL_JAR/PREPROCESSING_01_06/STEP_01_06_MANIFEST.md
voidhunters.jar,24,00_DEFINITIVE_ORIGINAL_JAR.md; 29_NATIVE_THRUSTER_OPERATOR_RECOVERY.md; 33_NATIVE_PHYSICS_CONFIG_RECONCILIATION.md; 35_JAR_BYTECODE_PHYSICS_VERIFICATION.md; DEFINITIVE_VALUES/235_NATIVE_DEFAULTS_ATTESTATION.md; DEFINITIVE_VALUES/FULL_JAR_ANALYSIS.md; DEFINITIVE_VALUES/JAR_CENSUS.md; DEFINITIVE_VALUES/JAR_SEMANTIC_DOMAIN_MAP.md; DEFINITIVE_VALUES/RAW_CENSUS_PROVENANCE.md; DEFINITIVE_VALUES/README.md; DEFINITIVE_VALUES/full_jar_semantic_census.md
voidhunters_decompiled,1,00_RAW_FORENSIC_REFERENCE.md
voidhunters_decompiled/aqa.java,1,30_NATIVE_THRUSTER_BINDING_RECOVERY.md
voidhunters_decompiled/eu.java,1,30_NATIVE_THRUSTER_BINDING_RECOVERY.md
voidhunters_decompiled/fc.java,1,30_NATIVE_THRUSTER_BINDING_RECOVERY.md
voidhunters_decompiled/kra.java,1,30_NATIVE_THRUSTER_BINDING_RECOVERY.md
voidhunters_decompiled/ml.java,1,30_NATIVE_THRUSTER_BINDING_RECOVERY.md
voidhunters_decompiled/rrb.java,1,30_NATIVE_THRUSTER_BINDING_RECOVERY.md
voidhunters_decompiled_raw.zip,7,00_RAW_FORENSIC_REFERENCE.md; 19_RAW_PHYSICS_OPERATOR_RECOVERY.md; 21_NATIVE_DEBRIS_LAUNCH_MAPPING.md; 29_NATIVE_THRUSTER_OPERATOR_RECOVERY.md
VoidHunterWeaponController.luau,2,01_GAME_STRUCTURE_INVENTORY.md
wait,1,10_ROBLOX_LUAU_REFERENCE.md
WaitForChild,2,10_ROBLOX_LUAU_REFERENCE.md
WeldConstraint,1,10_ROBLOX_LUAU_REFERENCE.md
wf.<clinit>,1,35_JAR_BYTECODE_PHYSICS_VERIFICATION.md
wf.e,5,19_RAW_PHYSICS_OPERATOR_RECOVERY.md; 35_JAR_BYTECODE_PHYSICS_VERIFICATION.md
wf.e = 12,2,35_JAR_BYTECODE_PHYSICS_VERIFICATION.md
wfb,11,31_COMPONENT_56_SLOT_RECONCILIATION.md; 35_JAR_BYTECODE_PHYSICS_VERIFICATION.md; DEFINITIVE_VALUES/FULL_JAR_ANALYSIS.md; DEFINITIVE_VALUES/JAR_SEMANTIC_DOMAIN_MAP.md; DEFINITIVE_VALUES/NATIVE_COMPONENT_HP_OPERATOR.md
wfb -> lw -> eo,1,31_COMPONENT_56_SLOT_RECONCILIATION.md
"wfb.<init>(int[],int,int)",1,35_JAR_BYTECODE_PHYSICS_VERIFICATION.md
wfb.a,5,01_GAME_STRUCTURE_INVENTORY.md; 35_JAR_BYTECODE_PHYSICS_VERIFICATION.md; DEFINITIVE_VALUES/NATIVE_COMPONENT_HP_OPERATOR.md
wfb.a(),1,01_GAME_STRUCTURE_INVENTORY.md
wfb.a(boolean),4,35_JAR_BYTECODE_PHYSICS_VERIFICATION.md; DEFINITIVE_VALUES/NATIVE_COMPONENT_HP_OPERATOR.md
wfb.B,1,19_RAW_PHYSICS_OPERATOR_RECOVERY.md
wfb.B(...),1,19_RAW_PHYSICS_OPERATOR_RECOVERY.md
wfb.java,12,00_RAW_FORENSIC_REFERENCE.md; 19_RAW_PHYSICS_OPERATOR_RECOVERY.md; 29_NATIVE_THRUSTER_OPERATOR_RECOVERY.md; DEFINITIVE_VALUES/NATIVE_CONFIGURATION_RESOLUTION.md; DEFINITIVE_VALUES/full_jar_semantic_census.md
wfb.u,10,35_JAR_BYTECODE_PHYSICS_VERIFICATION.md
wlb,4,DEFINITIVE_VALUES/FULL_JAR_ANALYSIS.md; DEFINITIVE_VALUES/JAR_SEMANTIC_DOMAIN_MAP.md
wlb.f,3,00_DEFINITIVE_ORIGINAL_JAR.md; DEFINITIVE_VALUES/NATIVE_COMPONENT_HP_OPERATOR.md; DEFINITIVE_VALUES/README.md
wlb.f(byte),3,00_DEFINITIVE_ORIGINAL_JAR.md; DEFINITIVE_VALUES/NATIVE_COMPONENT_HP_OPERATOR.md; DEFINITIVE_VALUES/README.md
wlb.java,16,00_RAW_FORENSIC_REFERENCE.md; 01_GAME_STRUCTURE_INVENTORY.md; 29_NATIVE_THRUSTER_OPERATOR_RECOVERY.md; 31_COMPONENT_56_SLOT_RECONCILIATION.md; DEFINITIVE_VALUES/NATIVE_CONFIGURATION_RESOLUTION.md; DEFINITIVE_VALUES/full_jar_semantic_census.md
wlb/wfb,1,DEFINITIVE_VALUES/full_jar_semantic_census.md
workspace:GetDescendants(),1,10_ROBLOX_LUAU_REFERENCE.md
Workspace:GetPartBoundsInRadius,1,10_ROBLOX_LUAU_REFERENCE.md
x = true,1,19_RAW_PHYSICS_OPERATOR_RECOVERY.md
z,2,19_RAW_PHYSICS_OPERATOR_RECOVERY.md; DEFINITIVE_VALUES/FULL_JAR_ANALYSIS.md
z=1024,2,DEFINITIVE_VALUES/FULL_JAR_ANALYSIS.md
"{ actionType: string, targetId: string?, timestamp: number }",1,03_NETWORK_RPC_MANIFEST.md
"{ attacker: string, victim: string, damage: number, isCrit: boolean }",1,03_NETWORK_RPC_MANIFEST.md
"{ coins: number, level: number, inventory: table, stats: table }",1,03_NETWORK_RPC_MANIFEST.md
"{ itemId: string, quantity: number }",1,03_NETWORK_RPC_MANIFEST.md
"{ message: string, alertType: ""info"" \| ""warning"" \| ""reward"", duration: number }",1,03_NETWORK_RPC_MANIFEST.md
"{ state: string, timer: number, sectorId: string }",1,03_NETWORK_RPC_MANIFEST.md
"{ success: boolean, newBalance: number, error: string? }",1,03_NETWORK_RPC_MANIFEST.md
"{10,-3,10,3,-10,1,-10,-1}",1,DEFINITIVE_VALUES/FULL_JAR_ANALYSIS.md
"{10,-5,10,5,-10,3,-10,-3}",1,DEFINITIVE_VALUES/FULL_JAR_ANALYSIS.md
"{2,-1,2,1,-2,0}",1,DEFINITIVE_VALUES/FULL_JAR_ANALYSIS.md
"{2,0,-2,1,-2,-1}",1,DEFINITIVE_VALUES/FULL_JAR_ANALYSIS.md
"{3,-1,3,1,-3,1,-3,-1}",1,DEFINITIVE_VALUES/FULL_JAR_ANALYSIS.md
"{3,-3,3,3,-3,1,-3,-1}",1,DEFINITIVE_VALUES/FULL_JAR_ANALYSIS.md
"{3,-3,3,3,-3,5,-3,-5}",1,DEFINITIVE_VALUES/FULL_JAR_ANALYSIS.md
"{3,0,-4,3,-4,-3}",1,DEFINITIVE_VALUES/FULL_JAR_ANALYSIS.md
"{5,-1,5,1,-5,3,-5,-3}",1,DEFINITIVE_VALUES/FULL_JAR_ANALYSIS.md
"{6,-4,6,4,-6,3,-6,-3}",1,DEFINITIVE_VALUES/FULL_JAR_ANALYSIS.md
