native_class,domains,source_chars
VoidHunters,NETWORK|UI,1937
acb,UI,1293
adc,AUDIO|UI,2269
ada,UI,1286
adb,WEAPON|TIME|UI,10945
ade,AUDIO|UI,2731
ad,MISSION|TIME|UI,2575
adf,UI,1110
aea,WEAPON|TIME|UI,1159
ana,WEAPON|TIME|UI,1312
anb,PHYSICS|TIME|UI,16219
aqa,TIME|UI,1814
asa,UI,1118
asb,TIME|UI,1830
atb,TIME|UI,1690
aua,UI,1793
avb,UI,1811
bba,MISSION|TIME|UI,11532
bca,UI,1207
bda,MISSION|TIME|UI,946
bea,MISSION|TIME|UI,4659
bfb,UI,1496
bl,TIME|UI,1240
boa,BLUEPRINT|MISSION|TIME|UI,4115
bob,MISSION|TIME|UI,1746
bpa,TIME|UI,1768
bq,UI,2238
bra,MISSION|TIME|UI,4514
bta,MISSION|TIME|UI,4306
cba,TIME|UI,1179
cbb,TIME|ENERGY|UI,2248
cca,TIME|UI,2591
ccb,UI,1310
cc,MISSION|TIME|UI,1421
cda,MISSION|TIME|UI,1981
ce,TIME|UI,1390
cf,MISSION|TIME|UI,1202
cia,WEAPON|TIME|UI,1683
clb,PHYSICS|WEAPON|MISSION|COMPONENT|COLOR|SYMBOL|TIME|ENERGY|BLUEPRINT|RESOURCE|NETWORK|AUDIO|UI,10526
cma,TIME|UI,1111
cpa,TIME|UI,1311
cra,UI,2126
cqb,MISSION|TIME|UI,1927
csa,UI,1191
cta,UI,1282
da,MISSION|TIME|UI,1519
dab,MISSION|TIME|UI,1220
dca,TIME|UI,2321
deb,MISSION|TIME|UI,1269
dfa,TIME|UI,1573
dga,WEAPON|TIME|UI,2016
dha,UI,1117
di,MISSION|TIME|UI,1256
dja,MISSION|TIME|UI,1659
dla,BLUEPRINT|TIME|UI,3246
dma,AUDIO|UI,1359
dob,TIME|UI,1252
dq,UI,1220
dt,MISSION|TIME|UI,1190
dwa,TIME|UI,1272
ea,TIME|UI,1256
ea2,TIME|UI,1182
eca,WEAPON|TIME|UI,1893
eea,TIME|UI,1321
eg,TIME|UI,1389
eha,TIME|UI,1535
eia,UI,1264
eja,MISSION|TIME|UI,3105
ena,MISSION|TIME|UI,1452
et,MISSION|TIME|UI,1698
ev,MISSION|TIME|UI,2170
eza,UI,1333
fab,BLUEPRINT|MISSION|TIME|UI,1351
fcb,PHYSICS|WEAPON|MISSION|COLOR|SYMBOL|TIME|ENERGY|BLUEPRINT|NETWORK|UI,10357
fdb,TIME|UI,1681
fea,AUDIO|UI,1316
ffb,TIME|UI,1234
fha,MISSION|TIME|UI,1394
fia,WEAPON|MISSION|TIME|UI,2234
fja,WEAPON|TIME|UI,1167
fma,WEAPON|TIME|UI,1754
fmb,MASS|TIME|UI,1489
fna,TIME|ENERGY|UI,1391
fob,TIME|UI,1672
fq,WEAPON|TIME|UI,1337
gaa,WEAPON|TIME|UI,1342
gba,TIME|UI,1230
gda,UI,1200
gha,TIME|UI,1335
gja,TIME|UI,1309
gla,TIME|UI,1229
gma,UI,1312
grb,TIME|UI,1550
gta,UI,1316
gvb,TIME|UI,1182
hka,TIME|UI,1287
hkb,MISSION|TIME|UI,1310
hla,TIME|UI,1460
hna,BLUEPRINT|MISSION|TIME|UI,4562
hoa,TIME|UI,1270
hqb,WEAPON|TIME|UI,1343
ht,UI,1221
ica,UI,1410
icb,UI,1288
ifa,ENERGY|TIME|UI,1306
ifb,TIME|UI,1219
iga,AUDIO|UI,1153
ih,MISSION|TIME|UI,1384
iia,MISSION|TIME|UI,1297
ika,MISSION|TIME|UI,1400
imb,PHYSICS|MISSION|COMPONENT|COLOR|SYMBOL|TIME|ENERGY|BLUEPRINT|UI,3645
ioa,TIME|UI,1250
iqa,TIME|UI,1276
ira,BLUEPRINT|MISSION|TIME|UI,1200
isb,UI,1276
it,MISSION|TIME|UI,1270
iwa,TIME|UI,1257
jba,TIME|UI,1354
jca,TIME|UI,1260
je,TIME|UI,1246
jga,WEAPON|TIME|UI,1779
jha,TIME|UI,1323
jla,MISSION|TIME|UI,3185
jo,MISSION|TIME|UI,1227
jpa,MISSION|TIME|UI,2170
jqa,TIME|UI,1334
jra,UI,1185
jsa,TIME|UI,1224
jsb,MISSION|TIME|UI,1324
jta,TIME|UI,1258
jtb,WEAPON|TIME|UI,1501
jua,TIME|UI,1199
kba,TIME|UI,1664
kha,WEAPON|TIME|UI,1429
kja,TIME|UI,1286
kka,TIME|UI,1213
kla,TIME|UI,1270
kma,TIME|UI,1236
kmb,TIME|UI,1365
kqa,TIME|UI,1226
kra,TIME|UI,1315
ksa,TIME|UI,1215
laa,WEAPON|TIME|UI,1635
lab,TIME|UI,1192
lb,UI,1231
lbb,MISSION|TIME|UI,1329
lib,MISSION|TIME|UI,1273
lja,WEAPON|TIME|UI,1248
llb,TIME|UI,1309
lma,UI,1201
lrb,MISSION|TIME|UI,1525
lsa,TIME|UI,1182
mba,TIME|UI,1216
mbb,MISSION|TIME|UI,1338
mca,TIME|UI,1306
mfa,TIME|UI,1204
mha,UI,1162
mla,TIME|UI,1259
mlb,TIME|UI,1268
mm,MISSION|TIME|UI,1304
mua,TIME|UI,1343
nbb,PHYSICS|WEAPON|MISSION|COMPONENT|TIME|BLUEPRINT|UI,6062
ne,TIME|UI,1244
nfb,UI,1200
npa,UI,1310
nva,WEAPON|TIME|UI,1310
oba,TIME|UI,1260
oca,UI,1223
of,MISSION|TIME|UI,1265
oga,UI,1259
ola,TIME|UI,1231
om,MISSION|TIME|UI,1311
opa,TIME|UI,1285
orb,PHYSICS|WEAPON|MISSION|COMPONENT|TIME|UI,5017
pb,FIGHTER|TIME|UI,1368
pe,PHYSICS|WEAPON|MISSION|COMPONENT|RESOURCE|NETWORK|UI,9825
pfa,TIME|UI,1286
pfb,MISSION|TIME|UI,1235
pga,TIME|UI,1295
pja,TIME|UI,1297
pla,TIME|UI,1258
poa,MISSION|TIME|UI,1218
pob,MISSION|TIME|UI,1273
pra,TIME|UI,1213
ps,TIME|UI,1224
pt,MISSION|TIME|UI,1198
pu,WEAPON|TIME|UI,1264
qca,WEAPON|TIME|UI,1651
qda,MISSION|TIME|UI,1261
qdb,MISSION|TIME|UI,1234
qha,TIME|UI,1289
qjb,WEAPON|TIME|UI,1596
qka,TIME|UI,1307
qma,MISSION|TIME|UI,1924
qpa,WEAPON|TIME|UI,1397
qv,TIME|UI,1240
rba,BLUEPRINT|MISSION|TIME|RESOURCE|UI,1306
rdb,TIME|UI,1263
re,TIME|UI,1232
rla,MISSION|TIME|UI,1241
rma,TIME|UI,1269
rna,TIME|UI,1262
rpa,TIME|UI,1215
rqa,TIME|UI,1273
rsa,TIME|UI,1246
rsb,MISSION|TIME|UI,1394
sba,TIME|UI,1306
sfa,TIME|UI,1213
sg,PHYSICS|WEAPON|MISSION|COMPONENT|TIME|ENERGY|BLUEPRINT|UI,12201
skb,WEAPON|TIME|UI,1302
slb,TIME|UI,1295
sma,TIME|UI,1260
sna,UI,1213
soa,UI,1234
spa,TIME|UI,1212
ssa,FIGHTER|TIME|UI,1269
tab,TIME|UI,1262
tca,TIME|UI,1301
tdb,TIME|UI,1236
tfa,TIME|UI,1265
tj,WEAPON|MISSION|TIME|UI,1709
tla,MASS|TIME|UI,1194
tta,TIME|UI,1279
tw,BLUEPRINT|MISSION|TIME|UI,1287
uca,PHYSICS|WEAPON|MISSION|COMPONENT|COLOR|SYMBOL|TIME|ENERGY|BLUEPRINT|RESOURCE|NETWORK|UI,9461
ufb,TIME|UI,1254
uga,PHYSICS|WEAPON|MISSION|COMPONENT|COLOR|SYMBOL|TIME|ENERGY|BLUEPRINT|RESOURCE|NETWORK|UI,10512
uh,PHYSICS|TIME|UI,1336
uhb,TIME|UI,1273
una,MISSION|TIME|UI,1237
uoa,MISSION|TIME|UI,1224
up,TIME|UI,1250
vba,MISSION|TIME|UI,1280
vj,FIGHTER|TIME|UI,1440
vm,BLUEPRINT|TIME|UI,1427
vna,TIME|UI,1291
vob,TIME|UI,1268
vpa,MISSION|TIME|UI,1278
vp,MISSION|TIME|UI,1367
vqb,TIME|UI,1295
vua,TIME|UI,1190
wgb,TIME|UI,1294
wja,TIME|UI,1235
wna,TIME|UI,1237
wqb,PHYSICS|WEAPON|MISSION|COMPONENT|TIME|ENERGY|BLUEPRINT|UI,4452
woa,WEAPON|TIME|UI,1304
ws,TIME|UI,1244
